workload,variant,metric,median,minimum,maximum,unit
small_batch,legacy,timings.first_submitted_ms,248.04680000000008,235.2418,248.58300000000008,ms
small_batch,legacy,timings.scene_commit_ms,242.8007,229.9004000000001,242.99260000000004,ms
small_batch,legacy,timings.cpu_batch_ms,117.2338,109.7735,124.4253,ms
small_batch,legacy,timings.gpu_finalize_wall_ms,118.41000000000008,114.92960000000005,123.14469999999994,ms
small_batch,legacy,timings.upload_cpu_ms,87.7989,82.9444,89.4725,ms
small_batch,legacy,timings.fully_prepared_ms,1081.2849,1068.4414000000002,1081.3766999999998,ms
small_batch,legacy,timings.annotation_publish_after_commit_ms,838.4842,838.3840999999999,838.5409999999999,ms
small_batch,legacy,timings.load_response_ms,259.3081999802962,250.77519999467768,309.8533000156749,ms
small_batch,legacy,timings.full_detail_observed_ms,326.9464000186417,281.5847999881953,352.00329998042434,ms
small_batch,legacy,timings.preparation_settled_observed_ms,1130.769599985797,1117.9418000101577,1168.9032999856863,ms
small_batch,legacy,timings.verified_image_ms,1640.4489999986254,1627.5328999909107,1667.9638999921735,ms
small_batch,legacy,timings.capture_ms,499.05839998973534,496.76429998362437,522.516099998029,ms
small_batch,legacy,timings.startup_ms,647.6403000124265,634.8950999963563,659.3274000042584,ms
small_batch,legacy,phases.capacity_preflight,75.9663,74.0176,81.4738,ms
small_batch,legacy,phases.parse,162.2901,154.9943,169.5227,ms
small_batch,legacy,phases.legacy_freeform_reparse,0,0,0,ms
small_batch,legacy,phases.freeform_resolve,0,0,0,ms
small_batch,legacy,phases.mesh_validate,0.3607,0.3215,0.4132,ms
small_batch,legacy,phases.source_adoption,0.4854,0.4749,0.522,ms
small_batch,legacy,phases.coordinate_localization,0.2067,0.1946,0.2106,ms
small_batch,legacy,phases.triangulation,0.282,0.26839999999999997,0.33649999999999997,ms
small_batch,legacy,phases.mesh_mapping,1.0586,1.0416,1.1761,ms
small_batch,legacy,phases.normals,0.1109,0.1075,0.1932,ms
small_batch,legacy,phases.mesh_bounds,0.1349,0.1344,0.1891,ms
small_batch,legacy,phases.freeform_tessellation_append,0,0,0,ms
small_batch,legacy,phases.ui_group_preparation,1.0584,1.0073,1.0776,ms
small_batch,legacy,phases.gpu_input_validation,0.1258,0.1257,0.1295,ms
small_batch,legacy,phases.point_membership,0.2464,0.2449,0.2638,ms
small_batch,legacy,phases.point_hierarchy,0.8236,0.8202,0.8548,ms
small_batch,legacy,phases.annotation_blocks_fingerprints,0.6405,0.6026,0.7658,ms
small_batch,legacy,phases.annotation_spatial_index,1.0392,1.019,1.0995,ms
small_batch,legacy,phases.annotation_snapshot_copy,3.2023,3.1485,3.2048,ms
small_batch,legacy,memory.import_peak_commit_bytes,321523712,320573440,321560576,bytes
small_batch,legacy,memory.import_peak_working_set_bytes,113741824,113524736,114216960,bytes
small_batch,legacy,memory.prepared_private_bytes,321482752,320532480,321523712,bytes
small_batch,legacy,memory.lifecycle_peak_commit_bytes,460136448,458788864,461840384,bytes
small_batch,legacy,memory.copied_position_bytes,14400,14400,14400,bytes
small_batch,legacy,memory.source_adoption_private_bytes,289222656,288665600,290271232,bytes
small_batch,legacy,render.steady_gpu_ms,0.25088,0.234496,0.25088,ms
small_batch,legacy,render.steady_cpu_submit_ms,3.7686,3.7366,3.7759,ms
small_batch,legacy,render.steady_frame_interval_ms,4.171950000000038,4.150749999999988,4.173249999999996,ms
small_batch,legacy,render.navigation_gpu_ms,0.297984,0.278528,0.30208,ms
small_batch,legacy,render.navigation_cpu_submit_ms,3.6593,3.6572,3.6619,ms
small_batch,legacy,render.navigation_frame_interval_ms,4.165750000000031,4.154949999999985,4.173000000000005,ms
small_batch,prototype_copy,timings.first_submitted_ms,201.5902000000001,201.2745,213.3175,ms
small_batch,prototype_copy,timings.scene_commit_ms,196.07420000000002,196.038,206.26530000000002,ms
small_batch,prototype_copy,timings.cpu_batch_ms,85.7545,83.6754,89.599,ms
small_batch,prototype_copy,timings.gpu_finalize_wall_ms,109.60140000000001,109.56949999999995,115.64459999999997,ms
small_batch,prototype_copy,timings.upload_cpu_ms,81.2094,80.7527,84.4478,ms
small_batch,prototype_copy,timings.fully_prepared_ms,1036.0997,1034.8285,1046.1350000000002,ms
small_batch,prototype_copy,timings.annotation_publish_after_commit_ms,839.8697000000001,838.7905000000001,840.0255,ms
small_batch,prototype_copy,timings.load_response_ms,218.17780000856146,207.9758999752812,231.93939999327995,ms
small_batch,prototype_copy,timings.full_detail_observed_ms,262.5322999956552,257.38710002042353,279.8571999883279,ms
small_batch,prototype_copy,timings.preparation_settled_observed_ms,1104.7132999810856,1085.961100005079,1120.4198999912478,ms
small_batch,prototype_copy,timings.verified_image_ms,1609.794799995143,1607.9868000233546,1619.0795000002254,ms
small_batch,prototype_copy,timings.capture_ms,505.07939999806695,498.65750002209097,522.0251000137068,ms
small_batch,prototype_copy,timings.startup_ms,625.4952999879606,618.3075000008103,637.2365000133868,ms
small_batch,prototype_copy,phases.capacity_preflight,54.4238,54.3925,63.9405,ms
small_batch,prototype_copy,phases.parse,68.7657,68.5751,75.4607,ms
small_batch,prototype_copy,phases.legacy_freeform_reparse,0,0,0,ms
small_batch,prototype_copy,phases.freeform_resolve,0.2231,0.2226,0.2368,ms
small_batch,prototype_copy,phases.mesh_validate,0.383,0.2927,0.39,ms
small_batch,prototype_copy,phases.source_adoption,0.5058,0.4947,0.51,ms
small_batch,prototype_copy,phases.coordinate_localization,0.1861,0.1832,0.188,ms
small_batch,prototype_copy,phases.triangulation,0.2747,0.2641,0.37979999999999997,ms
small_batch,prototype_copy,phases.mesh_mapping,0.9421,0.9212,0.9716,ms
small_batch,prototype_copy,phases.normals,0.11,0.1096,0.1141,ms
small_batch,prototype_copy,phases.mesh_bounds,0.1267,0.12639999999999998,0.1412,ms
small_batch,prototype_copy,phases.freeform_tessellation_append,0,0,0,ms
small_batch,prototype_copy,phases.ui_group_preparation,1.0114,0.9893,1.1124,ms
small_batch,prototype_copy,phases.gpu_input_validation,0.1178,0.1166,0.12029999999999999,ms
small_batch,prototype_copy,phases.point_membership,0.2367,0.2349,0.2386,ms
small_batch,prototype_copy,phases.point_hierarchy,0.9061,0.8215,1.0018,ms
small_batch,prototype_copy,phases.annotation_blocks_fingerprints,0.6793,0.6581,0.6922,ms
small_batch,prototype_copy,phases.annotation_spatial_index,1.0356,0.9589,1.0584,ms
small_batch,prototype_copy,phases.annotation_snapshot_copy,3.0907,3.0447,3.2369,ms
small_batch,prototype_copy,memory.import_peak_commit_bytes,325005312,321122304,326569984,bytes
small_batch,prototype_copy,memory.import_peak_working_set_bytes,115400704,114417664,115630080,bytes
small_batch,prototype_copy,memory.prepared_private_bytes,324976640,321085440,326529024,bytes
small_batch,prototype_copy,memory.lifecycle_peak_commit_bytes,464150528,459653120,466399232,bytes
small_batch,prototype_copy,memory.copied_position_bytes,14400,14400,14400,bytes
small_batch,prototype_copy,memory.source_adoption_private_bytes,291971072,288047104,293974016,bytes
small_batch,prototype_copy,render.steady_gpu_ms,0.24576,0.24064,0.27136,ms
small_batch,prototype_copy,render.steady_cpu_submit_ms,3.7584,3.7470499999999998,3.7767,ms
small_batch,prototype_copy,render.steady_frame_interval_ms,4.158600000000007,4.154899999999998,4.167000000000009,ms
small_batch,prototype_copy,render.navigation_gpu_ms,0.321536,0.28672,1.28,ms
small_batch,prototype_copy,render.navigation_cpu_submit_ms,3.6428,3.6359,3.7109,ms
small_batch,prototype_copy,render.navigation_frame_interval_ms,4.161299999999997,4.161149999999978,4.164249999999974,ms
small_batch,prototype,timings.first_submitted_ms,209.90340000000003,207.49700000000007,210.5439,ms
small_batch,prototype,timings.scene_commit_ms,204.65390000000002,202.08540000000005,205.2317999999999,ms
small_batch,prototype,timings.cpu_batch_ms,86.8825,82.3113,90.1741,ms
small_batch,prototype,timings.gpu_finalize_wall_ms,114.10019999999997,110.85929999999996,115.61450000000002,ms
small_batch,prototype,timings.upload_cpu_ms,84.9114,80.44200000000001,85.4117,ms
small_batch,prototype,timings.fully_prepared_ms,1043.2374,1040.6217,1043.4628,ms
small_batch,prototype,timings.annotation_publish_after_commit_ms,838.5362999999999,838.2310000000001,838.5835,ms
small_batch,prototype,timings.load_response_ms,213.31970000755973,213.17160001490265,234.71270001027733,ms
small_batch,prototype,timings.full_detail_observed_ms,268.84330000029877,265.0797000096645,286.0116000229027,ms
small_batch,prototype,timings.preparation_settled_observed_ms,1097.7614000148606,1089.5679999957792,1127.6957000081893,ms
small_batch,prototype,timings.verified_image_ms,1626.2364000140224,1616.5242999850307,1626.9952000002377,ms
small_batch,prototype,timings.capture_ms,526.9560000160709,499.2987000150606,528.4744999953546,ms
small_batch,prototype,timings.startup_ms,619.2452999821398,615.9252999932505,647.5487000134308,ms
small_batch,prototype,phases.capacity_preflight,60.1412,52.5422,62.053399999999996,ms
small_batch,prototype,phases.parse,75.29,67.0497,75.5796,ms
small_batch,prototype,phases.legacy_freeform_reparse,0,0,0,ms
small_batch,prototype,phases.freeform_resolve,0.2226,0.2195,0.225,ms
small_batch,prototype,phases.mesh_validate,0.3024,0.2807,0.3944,ms
small_batch,prototype,phases.source_adoption,0.3866,0.3861,0.4676,ms
small_batch,prototype,phases.coordinate_localization,0.1932,0.1921,0.1933,ms
small_batch,prototype,phases.triangulation,0.2877,0.2772,0.30019999999999997,ms
small_batch,prototype,phases.mesh_mapping,0.9308,0.9264,0.9722999999999999,ms
small_batch,prototype,phases.normals,0.111,0.1064,0.1183,ms
small_batch,prototype,phases.mesh_bounds,0.1669,0.1357,0.28509999999999996,ms
small_batch,prototype,phases.freeform_tessellation_append,0,0,0,ms
small_batch,prototype,phases.ui_group_preparation,0.9804,0.9653,1.0145,ms
small_batch,prototype,phases.gpu_input_validation,0.1156,0.11539999999999999,0.1601,ms
small_batch,prototype,phases.point_membership,0.226,0.2248,0.2289,ms
small_batch,prototype,phases.point_hierarchy,0.7835,0.7771,0.7878000000000001,ms
small_batch,prototype,phases.annotation_blocks_fingerprints,0.633,0.6327,0.6335,ms
small_batch,prototype,phases.annotation_spatial_index,1.052,1.0139,1.0679,ms
small_batch,prototype,phases.annotation_snapshot_copy,3.138,3.0738,3.414,ms
small_batch,prototype,memory.import_peak_commit_bytes,324075520,323465216,325832704,bytes
small_batch,prototype,memory.import_peak_working_set_bytes,114794496,114507776,114819072,bytes
small_batch,prototype,memory.prepared_private_bytes,324038656,323424256,325832704,bytes
small_batch,prototype,memory.lifecycle_peak_commit_bytes,463962112,462442496,466862080,bytes
small_batch,prototype,memory.copied_position_bytes,0,0,0,bytes
small_batch,prototype,memory.source_adoption_private_bytes,291278848,290406400,292970496,bytes
small_batch,prototype,render.steady_gpu_ms,0.241664,0.188416,0.277504,ms
small_batch,prototype,render.steady_cpu_submit_ms,3.7629,3.7456,3.7678,ms
small_batch,prototype,render.steady_frame_interval_ms,4.159749999999988,4.157899999999998,4.1711500000000115,ms
small_batch,prototype,render.navigation_gpu_ms,0.290816,0.188416,0.320512,ms
small_batch,prototype,render.navigation_cpu_submit_ms,3.6896,3.6673,3.7001,ms
small_batch,prototype,render.navigation_frame_interval_ms,4.164299999999997,4.149400000000014,4.1666000000000025,ms
mixed,legacy,timings.first_submitted_ms,668.0379,643.6148000000001,680.6533,ms
mixed,legacy,timings.scene_commit_ms,662.5546,638.0911000000001,675.1927,ms
mixed,legacy,timings.cpu_batch_ms,656.9487,629.4661,668.7018,ms
mixed,legacy,timings.gpu_finalize_wall_ms,4.892600000000016,4.217500000000086,4.892799999999966,ms
mixed,legacy,timings.upload_cpu_ms,1.8571,1.8029,2.2124,ms
mixed,legacy,timings.fully_prepared_ms,679.2305,658.3281000000001,695.2768,ms
mixed,legacy,timings.annotation_publish_after_commit_ms,20.084100000000035,16.675899999999956,20.236999999999966,ms
mixed,legacy,timings.load_response_ms,687.3799999884795,659.4017999887001,745.5441000056453,ms
mixed,legacy,timings.full_detail_observed_ms,716.3739000097848,687.7570000069682,771.1967999930494,ms
mixed,legacy,timings.preparation_settled_observed_ms,851.982299995143,763.1400999962352,875.3205999964848,ms
mixed,legacy,timings.verified_image_ms,1384.1032999916933,1272.0689999987371,1389.5911000145134,ms
mixed,legacy,timings.capture_ms,514.2709000210743,508.9278999948874,532.1210999973118,ms
mixed,legacy,timings.startup_ms,645.5159999895841,618.077599996468,733.4043000009842,ms
mixed,legacy,phases.capacity_preflight,0.2485,0.2484,0.2699,ms
mixed,legacy,phases.parse,9.7625,8.9015,9.8873,ms
mixed,legacy,phases.legacy_freeform_reparse,617.3426,590.3679,628.1626,ms
mixed,legacy,phases.freeform_resolve,0,0,0,ms
mixed,legacy,phases.mesh_validate,0.0062,0.0057,0.0133,ms
mixed,legacy,phases.source_adoption,1.2193,1.2176,1.2676,ms
mixed,legacy,phases.coordinate_localization,3.7582,3.7244,3.852,ms
mixed,legacy,phases.triangulation,0.1634,0.1618,0.1666,ms
mixed,legacy,phases.mesh_mapping,7.6215,7.6117,7.7147,ms
mixed,legacy,phases.normals,2.0642,2.0402,2.1223,ms
mixed,legacy,phases.mesh_bounds,5.6915,5.5222,5.7444,ms
mixed,legacy,phases.freeform_tessellation_append,4.4309,4.347,4.7269,ms
mixed,legacy,phases.ui_group_preparation,2.0386,2.0186,2.1194,ms
mixed,legacy,phases.gpu_input_validation,0.2299,0.2295,0.23,ms
mixed,legacy,phases.point_membership,0.9938,0.9887,1.0001,ms
mixed,legacy,phases.point_hierarchy,0.0052,0.0043,0.0055,ms
mixed,legacy,phases.annotation_blocks_fingerprints,2.1666,2.1206,2.2974,ms
mixed,legacy,phases.annotation_spatial_index,4.8722,4.8691,5.0282,ms
mixed,legacy,phases.annotation_snapshot_copy,3.2979,3.0968,3.3455,ms
mixed,legacy,memory.import_peak_commit_bytes,316715008,312590336,317218816,bytes
mixed,legacy,memory.import_peak_working_set_bytes,130850816,130842624,130879488,bytes
mixed,legacy,memory.prepared_private_bytes,312614912,308486144,315187200,bytes
mixed,legacy,memory.lifecycle_peak_commit_bytes,450027520,446058496,451948544,bytes
mixed,legacy,memory.copied_position_bytes,3600000,3600000,3600000,bytes
mixed,legacy,memory.source_adoption_private_bytes,297644032,293441536,298344448,bytes
mixed,legacy,render.steady_gpu_ms,0.103424,0.1024,0.219136,ms
mixed,legacy,render.steady_cpu_submit_ms,4.0032,3.8937,4.005,ms
mixed,legacy,render.steady_frame_interval_ms,4.155399999999986,4.1535499999999885,4.164600000000007,ms
mixed,legacy,render.navigation_gpu_ms,0.239616,0.2304,0.252928,ms
mixed,legacy,render.navigation_cpu_submit_ms,3.90055,3.722,3.9713,ms
mixed,legacy,render.navigation_frame_interval_ms,4.171049999999994,4.161700000000003,4.187900000000013,ms
mixed,prototype_copy,timings.first_submitted_ms,84.741,84.5595,88.9364,ms
mixed,prototype_copy,timings.scene_commit_ms,79.5679,79.479,83.79440000000001,ms
mixed,prototype_copy,timings.cpu_batch_ms,72.3803,72.0751,75.0141,ms
mixed,prototype_copy,timings.gpu_finalize_wall_ms,4.647400000000005,4.545900000000017,4.713099999999997,ms
mixed,prototype_copy,timings.upload_cpu_ms,1.8307,1.806,1.8974,ms
mixed,prototype_copy,timings.fully_prepared_ms,99.81869999999999,95.841,100.51610000000001,ms
mixed,prototype_copy,timings.annotation_publish_after_commit_ms,16.7217,16.361999999999995,20.250799999999998,ms
mixed,prototype_copy,timings.load_response_ms,89.19220001553185,85.05819999845698,93.28629999072291,ms
mixed,prototype_copy,timings.full_detail_observed_ms,121.9705999828875,101.83200001483783,138.74130000476725,ms
mixed,prototype_copy,timings.preparation_settled_observed_ms,226.0746999818366,201.25290000578389,251.33659999119118,ms
mixed,prototype_copy,timings.verified_image_ms,740.254600008484,688.4948000079021,740.3382000047714,ms
mixed,prototype_copy,timings.capture_ms,488.91730001196265,487.2406000213232,514.2655000090599,ms
mixed,prototype_copy,timings.startup_ms,629.8983999877237,618.520800024271,642.9180999984965,ms
mixed,prototype_copy,phases.capacity_preflight,0.2723,0.2586,0.2882,ms
mixed,prototype_copy,phases.parse,43.872,43.8064,46.4936,ms
mixed,prototype_copy,phases.legacy_freeform_reparse,0,0,0,ms
mixed,prototype_copy,phases.freeform_resolve,0.0312,0.0309,0.0315,ms
mixed,prototype_copy,phases.mesh_validate,0.0055,0.0049,0.0057,ms
mixed,prototype_copy,phases.source_adoption,0.7168,0.7156,0.7447,ms
mixed,prototype_copy,phases.coordinate_localization,2.9974,2.9054,3.0526,ms
mixed,prototype_copy,phases.triangulation,0.1688,0.1663,0.1707,ms
mixed,prototype_copy,phases.mesh_mapping,7.6944,7.6835,7.8602,ms
mixed,prototype_copy,phases.normals,1.9978,1.9824,2.0018,ms
mixed,prototype_copy,phases.mesh_bounds,5.5675,5.5383,5.5710999999999995,ms
mixed,prototype_copy,phases.freeform_tessellation_append,4.3751,4.325,4.4645,ms
mixed,prototype_copy,phases.ui_group_preparation,2.0562,2.0301,2.0592,ms
mixed,prototype_copy,phases.gpu_input_validation,0.2297,0.2295,0.2428,ms
mixed,prototype_copy,phases.point_membership,0.96,0.9496,1.0028,ms
mixed,prototype_copy,phases.point_hierarchy,0.0048,0.0048,0.0048,ms
mixed,prototype_copy,phases.annotation_blocks_fingerprints,2.1862,2.1006,2.2349,ms
mixed,prototype_copy,phases.annotation_spatial_index,5.0845,4.9118,5.156,ms
mixed,prototype_copy,phases.annotation_snapshot_copy,3.2979,3.1477,3.5237,ms
mixed,prototype_copy,memory.import_peak_commit_bytes,310317056,310194176,310673408,bytes
mixed,prototype_copy,memory.import_peak_working_set_bytes,128335872,128237568,128454656,bytes
mixed,prototype_copy,memory.prepared_private_bytes,308617216,307630080,309579776,bytes
mixed,prototype_copy,memory.lifecycle_peak_commit_bytes,445870080,444960768,446869504,bytes
mixed,prototype_copy,memory.copied_position_bytes,3600000,3600000,3600000,bytes
mixed,prototype_copy,memory.source_adoption_private_bytes,290312192,290095104,290701312,bytes
mixed,prototype_copy,render.steady_gpu_ms,0.1024,0.101376,0.1024,ms
mixed,prototype_copy,render.steady_cpu_submit_ms,4.0002,3.9928,4.0181000000000004,ms
mixed,prototype_copy,render.steady_frame_interval_ms,4.163999999999987,4.162649999999985,4.166900000000055,ms
mixed,prototype_copy,render.navigation_gpu_ms,0.1024,0.1024,0.222208,ms
mixed,prototype_copy,render.navigation_cpu_submit_ms,3.92755,3.9219,3.9331,ms
mixed,prototype_copy,render.navigation_frame_interval_ms,4.167300000000001,4.159999999999968,4.168200000000013,ms
mixed,prototype,timings.first_submitted_ms,85.1011,84.5211,88.72130000000001,ms
mixed,prototype,timings.scene_commit_ms,79.9557,79.90379999999999,83.71130000000002,ms
mixed,prototype,timings.cpu_batch_ms,72.1453,71.4396,74.8652,ms
mixed,prototype,timings.gpu_finalize_wall_ms,4.85499999999999,4.643300000000011,4.985899999999987,ms
mixed,prototype,timings.upload_cpu_ms,1.8447,1.8232,1.8897,ms
mixed,prototype,timings.fully_prepared_ms,96.36110000000001,95.8304,99.91910000000001,ms
mixed,prototype,timings.annotation_publish_after_commit_ms,16.20779999999999,15.926600000000008,16.405400000000014,ms
mixed,prototype,timings.load_response_ms,102.03520001959987,101.81200000806712,112.13259998476133,ms
mixed,prototype,timings.full_detail_observed_ms,130.40740002179518,130.14350002049468,145.09119998547249,ms
mixed,prototype,timings.preparation_settled_observed_ms,230.22080000373535,205.29260000330396,232.7633000095375,ms
mixed,prototype,timings.verified_image_ms,718.5284000006504,689.194700011285,726.2679999985266,ms
mixed,prototype,timings.capture_ms,488.306500017643,483.9018000056967,493.50369998137467,ms
mixed,prototype,timings.startup_ms,622.8697999904398,618.9545999804977,684.9564999865834,ms
mixed,prototype,phases.capacity_preflight,0.2924,0.2866,0.3169,ms
mixed,prototype,phases.parse,44.7875,44.0006,46.2658,ms
mixed,prototype,phases.legacy_freeform_reparse,0,0,0,ms
mixed,prototype,phases.freeform_resolve,0.0328,0.0315,0.0459,ms
mixed,prototype,phases.mesh_validate,0.0066,0.0055,0.0099,ms
mixed,prototype,phases.source_adoption,0.004,0.0024,0.0041,ms
mixed,prototype,phases.coordinate_localization,2.9676,2.9531,3.1088,ms
mixed,prototype,phases.triangulation,0.172,0.1715,0.178,ms
mixed,prototype,phases.mesh_mapping,7.6567,7.6286,7.8342,ms
mixed,prototype,phases.normals,2.0168999999999997,2.0069,2.1562,ms
mixed,prototype,phases.mesh_bounds,5.6305,5.4873,5.7542,ms
mixed,prototype,phases.freeform_tessellation_append,4.3812,4.351,4.6449,ms
mixed,prototype,phases.ui_group_preparation,2.0198,2.016,2.1386,ms
mixed,prototype,phases.gpu_input_validation,0.2296,0.2296,0.2326,ms
mixed,prototype,phases.point_membership,0.9558,0.9497,1.0874,ms
mixed,prototype,phases.point_hierarchy,0.0049,0.0047,0.0049,ms
mixed,prototype,phases.annotation_blocks_fingerprints,2.1257,2.1181,2.2135,ms
mixed,prototype,phases.annotation_spatial_index,4.8916,4.8362,5.5056,ms
mixed,prototype,phases.annotation_snapshot_copy,3.304,3.1812,3.3238,ms
mixed,prototype,memory.import_peak_commit_bytes,310468608,308916224,310509568,bytes
mixed,prototype,memory.import_peak_working_set_bytes,125100032,124448768,125497344,bytes
mixed,prototype,memory.prepared_private_bytes,310444032,308858880,310501376,bytes
mixed,prototype,memory.lifecycle_peak_commit_bytes,447893504,446103552,447946752,bytes
mixed,prototype,memory.copied_position_bytes,0,0,0,bytes
mixed,prototype,memory.source_adoption_private_bytes,287887360,287379456,289845248,bytes
mixed,prototype,render.steady_gpu_ms,0.101376,0.101376,0.101632,ms
mixed,prototype,render.steady_cpu_submit_ms,3.9960500000000003,3.9922,4.0028500000000005,ms
mixed,prototype,render.steady_frame_interval_ms,4.158999999999992,4.156499999999994,4.167599999999993,ms
mixed,prototype,render.navigation_gpu_ms,0.101376,0.101376,0.224256,ms
mixed,prototype,render.navigation_cpu_submit_ms,3.9631,3.9495,3.9683,ms
mixed,prototype,render.navigation_frame_interval_ms,4.164999999999999,4.14549999999999,4.167500000000006,ms
quads,legacy,timings.first_submitted_ms,151.3868,147.16,151.5608,ms
quads,legacy,timings.scene_commit_ms,146.89749999999998,142.61180000000002,147.0718,ms
quads,legacy,timings.cpu_batch_ms,136.6613,132.1484,136.9387,ms
quads,legacy,timings.gpu_finalize_wall_ms,9.325799999999987,9.285799999999995,9.736500000000007,ms
quads,legacy,timings.upload_cpu_ms,4.6269,4.4774,4.670799999999999,ms
quads,legacy,timings.fully_prepared_ms,238.59050000000002,234.2141,238.5999,ms
quads,legacy,timings.annotation_publish_after_commit_ms,91.60229999999999,91.51870000000002,91.70240000000001,ms
quads,legacy,timings.load_response_ms,150.48049998586066,147.78490000753663,163.60230001737364,ms
quads,legacy,timings.full_detail_observed_ms,185.00800000037998,175.77080000774004,208.98850000230595,ms
quads,legacy,timings.preparation_settled_observed_ms,288.23750000447035,271.56329998979345,301.6717999998946,ms
quads,legacy,timings.verified_image_ms,795.7382000167854,788.0397999833804,806.9098000123631,ms
quads,legacy,timings.capture_ms,507.50010000774637,505.2379999833647,516.4768999966327,ms
quads,legacy,timings.startup_ms,642.6161999988835,618.5997000138741,660.4084999999031,ms
quads,legacy,phases.capacity_preflight,0.2666,0.2382,0.2955,ms
quads,legacy,phases.parse,25.5618,23.9296,27.2673,ms
quads,legacy,phases.legacy_freeform_reparse,0,0,0,ms
quads,legacy,phases.freeform_resolve,0,0,0,ms
quads,legacy,phases.mesh_validate,0.0062,0.0061,0.0077,ms
quads,legacy,phases.source_adoption,2.317,2.0509,2.6454,ms
quads,legacy,phases.coordinate_localization,6.6573,6.2737,6.7087,ms
quads,legacy,phases.triangulation,4.3638,4.2092,4.6244,ms
quads,legacy,phases.mesh_mapping,32.0175,31.4506,32.2668,ms
quads,legacy,phases.normals,9.8629,9.8391,10.088,ms
quads,legacy,phases.mesh_bounds,4.7195,4.6994,4.738,ms
quads,legacy,phases.freeform_tessellation_append,0,0,0,ms
quads,legacy,phases.ui_group_preparation,20.2327,20.1288,20.4563,ms
quads,legacy,phases.gpu_input_validation,2.3434,2.3008,2.5899,ms
quads,legacy,phases.point_membership,3.2406,3.2356,3.3401,ms
quads,legacy,phases.point_hierarchy,20.777,20.5013,21.204,ms
quads,legacy,phases.annotation_blocks_fingerprints,20.8166,20.7213,21.3999,ms
quads,legacy,phases.annotation_spatial_index,52.956,52.7181,52.9777,ms
quads,legacy,phases.annotation_snapshot_copy,9.6326,9.4742,10.343,ms
quads,legacy,memory.import_peak_commit_bytes,362160128,359538688,366833664,bytes
quads,legacy,memory.import_peak_working_set_bytes,163065856,162918400,163549184,bytes
quads,legacy,memory.prepared_private_bytes,362106880,359477248,366796800,bytes
quads,legacy,memory.lifecycle_peak_commit_bytes,498728960,496132096,503439360,bytes
quads,legacy,memory.copied_position_bytes,6024024,6024024,6024024,bytes
quads,legacy,memory.source_adoption_private_bytes,310280192,310087680,316477440,bytes
quads,legacy,render.steady_gpu_ms,0.187392,0.186368,0.188416,ms
quads,legacy,render.steady_cpu_submit_ms,4.008,4.0034,4.0215,ms
quads,legacy,render.steady_frame_interval_ms,4.1661999999999635,4.162900000000008,4.168149999999997,ms
quads,legacy,render.navigation_gpu_ms,0.188416,0.185344,0.188416,ms
quads,legacy,render.navigation_cpu_submit_ms,3.9688499999999998,3.96585,3.9753999999999996,ms
quads,legacy,render.navigation_frame_interval_ms,4.169199999999989,4.165099999999995,4.169800000000009,ms
quads,prototype_copy,timings.first_submitted_ms,172.04369999999997,163.7397,176.26850000000002,ms
quads,prototype_copy,timings.scene_commit_ms,167.5157,159.2373,172.06280000000004,ms
quads,prototype_copy,timings.cpu_batch_ms,155.0618,148.5445,160.5347,ms
quads,prototype_copy,timings.gpu_finalize_wall_ms,9.327200000000005,9.32510000000002,9.683600000000013,ms
quads,prototype_copy,timings.upload_cpu_ms,4.5341000000000005,4.5054,4.63,ms
quads,prototype_copy,timings.fully_prepared_ms,263.19870000000003,250.75500000000002,263.2116,ms
quads,prototype_copy,timings.annotation_publish_after_commit_ms,91.51770000000002,91.13589999999999,95.6959,ms
quads,prototype_copy,timings.load_response_ms,186.0572999867145,162.4747000169009,201.7004000081215,ms
quads,prototype_copy,timings.full_detail_observed_ms,215.15449997968972,174.81740002403967,234.7085000074003,ms
quads,prototype_copy,timings.preparation_settled_observed_ms,331.74729999154806,266.5203000069596,388.6280999868177,ms
quads,prototype_copy,timings.verified_image_ms,836.1930999963079,773.0742000276223,929.4233999971766,ms
quads,prototype_copy,timings.capture_ms,506.55389999155886,504.4449999986682,540.7944000035059,ms
quads,prototype_copy,timings.startup_ms,668.632399989292,640.8896999782883,689.2059000092559,ms
quads,prototype_copy,phases.capacity_preflight,0.2578,0.2518,0.2694,ms
quads,prototype_copy,phases.parse,43.9844,38.8289,44.9882,ms
quads,prototype_copy,phases.legacy_freeform_reparse,0,0,0,ms
quads,prototype_copy,phases.freeform_resolve,0.0211,0.0201,0.0225,ms
quads,prototype_copy,phases.mesh_validate,0.0053,0.0053,0.0058,ms
quads,prototype_copy,phases.source_adoption,1.214,1.1828,1.2214,ms
quads,prototype_copy,phases.coordinate_localization,4.9631,4.8494,5.7754,ms
quads,prototype_copy,phases.triangulation,5.4015,5.1075,6.4319,ms
quads,prototype_copy,phases.mesh_mapping,34.1766,33.4078,36.1862,ms
quads,prototype_copy,phases.normals,9.9405,9.8544,11.2072,ms
quads,prototype_copy,phases.mesh_bounds,4.7844,4.7348,5.7086,ms
quads,prototype_copy,phases.freeform_tessellation_append,0,0,0,ms
quads,prototype_copy,phases.ui_group_preparation,20.1875,19.9719,21.1959,ms
quads,prototype_copy,phases.gpu_input_validation,2.3126,2.296,2.3318,ms
quads,prototype_copy,phases.point_membership,3.245,3.2326,3.3477,ms
quads,prototype_copy,phases.point_hierarchy,20.6939,20.6149,20.9433,ms
quads,prototype_copy,phases.annotation_blocks_fingerprints,20.6706,20.6515,22.9982,ms
quads,prototype_copy,phases.annotation_spatial_index,52.5352,52.4937,56.496,ms
quads,prototype_copy,phases.annotation_snapshot_copy,9.7503,9.5114,9.7762,ms
quads,prototype_copy,memory.import_peak_commit_bytes,357871616,352321536,362700800,bytes
quads,prototype_copy,memory.import_peak_working_set_bytes,162254848,161939456,162545664,bytes
quads,prototype_copy,memory.prepared_private_bytes,357847040,352280576,362622976,bytes
quads,prototype_copy,memory.lifecycle_peak_commit_bytes,498413568,494456832,499265536,bytes
quads,prototype_copy,memory.copied_position_bytes,6024024,6024024,6024024,bytes
quads,prototype_copy,memory.source_adoption_private_bytes,310599680,310251520,312307712,bytes
quads,prototype_copy,render.steady_gpu_ms,0.188416,0.188416,0.188416,ms
quads,prototype_copy,render.steady_cpu_submit_ms,4.004,3.99845,4.02545,ms
quads,prototype_copy,render.steady_frame_interval_ms,4.169800000000009,4.165200000000027,4.173899999999946,ms
quads,prototype_copy,render.navigation_gpu_ms,0.188416,0.18432,0.188416,ms
quads,prototype_copy,render.navigation_cpu_submit_ms,3.9670500000000004,3.9053,3.9688,ms
quads,prototype_copy,render.navigation_frame_interval_ms,4.169700000000006,4.164099999999998,4.170799999999986,ms
quads,prototype,timings.first_submitted_ms,163.6095,159.7159,163.7501,ms
quads,prototype,timings.scene_commit_ms,159.05259999999998,155.2129,159.0713,ms
quads,prototype,timings.cpu_batch_ms,145.7328,145.1948,147.7365,ms
quads,prototype,timings.gpu_finalize_wall_ms,9.339399999999983,9.299199999999985,9.350999999999999,ms
quads,prototype,timings.upload_cpu_ms,4.5925,4.4924,4.6264,ms
quads,prototype,timings.fully_prepared_ms,250.66809999999998,246.87220000000002,254.9565,ms
quads,prototype,timings.annotation_publish_after_commit_ms,91.65930000000003,91.59679999999997,95.90390000000002,ms
quads,prototype,timings.load_response_ms,163.86720002628863,162.09759999765083,185.52660002023913,ms
quads,prototype,timings.full_detail_observed_ms,176.4584000047762,174.68670001835562,206.30550000350922,ms
quads,prototype,timings.preparation_settled_observed_ms,343.1091000093147,289.7328000108246,346.02530000847764,ms
quads,prototype,timings.verified_image_ms,869.7174000262748,800.5225000088103,886.3810000184458,ms
quads,prototype,timings.capture_ms,526.6061000002082,510.7881000149064,540.355000004638,ms
quads,prototype,timings.startup_ms,624.1653999895789,617.7644999988843,635.0813999888487,ms
quads,prototype,phases.capacity_preflight,0.2458,0.2439,0.2861,ms
quads,prototype,phases.parse,38.6597,37.6609,39.9591,ms
quads,prototype,phases.legacy_freeform_reparse,0,0,0,ms
quads,prototype,phases.freeform_resolve,0.0202,0.0199,0.0203,ms
quads,prototype,phases.mesh_validate,0.0055,0.0054,0.0057,ms
quads,prototype,phases.source_adoption,0.0026,0.0026,0.0035,ms
quads,prototype,phases.coordinate_localization,4.8522,4.8409,5.5168,ms
quads,prototype,phases.triangulation,5.8578,5.3871,5.8599,ms
quads,prototype,phases.mesh_mapping,33.3882,31.9002,34.0835,ms
quads,prototype,phases.normals,9.8482,9.804,9.8636,ms
quads,prototype,phases.mesh_bounds,4.6952,4.6753,4.7286,ms
quads,prototype,phases.freeform_tessellation_append,0,0,0,ms
quads,prototype,phases.ui_group_preparation,20.0164,20.0146,20.2364,ms
quads,prototype,phases.gpu_input_validation,2.3321,2.2997,2.4022,ms
quads,prototype,phases.point_membership,3.2003,3.1726,3.461,ms
quads,prototype,phases.point_hierarchy,20.4101,20.3586,21.1461,ms
quads,prototype,phases.annotation_blocks_fingerprints,20.6981,20.6072,22.6054,ms
quads,prototype,phases.annotation_spatial_index,53.9955,52.9565,57.8862,ms
quads,prototype,phases.annotation_snapshot_copy,9.7888,9.4969,10.0374,ms
quads,prototype,memory.import_peak_commit_bytes,359936000,357814272,362291200,bytes
quads,prototype,memory.import_peak_working_set_bytes,155619328,155267072,155664384,bytes
quads,prototype,memory.prepared_private_bytes,359845888,357724160,362262528,bytes
quads,prototype,memory.lifecycle_peak_commit_bytes,496472064,494354432,498855936,bytes
quads,prototype,memory.copied_position_bytes,0,0,0,bytes
quads,prototype,memory.source_adoption_private_bytes,303542272,300503040,304500736,bytes
quads,prototype,render.steady_gpu_ms,0.188416,0.186368,0.188672,ms
quads,prototype,render.steady_cpu_submit_ms,4.0131499999999996,4.008850000000001,4.0146,ms
quads,prototype,render.steady_frame_interval_ms,4.1667999999999665,4.166000000000025,4.16749999999999,ms
quads,prototype,render.navigation_gpu_ms,0.188416,0.188416,0.18944,ms
quads,prototype,render.navigation_cpu_submit_ms,3.9554,3.9467,3.9674500000000004,ms
quads,prototype,render.navigation_frame_interval_ms,4.162099999999998,4.159149999999983,4.167599999999993,ms
lines,legacy,timings.first_submitted_ms,76.82080000000002,76.74700000000001,77.0771,ms
lines,legacy,timings.scene_commit_ms,71.27430000000001,71.1309,71.3374,ms
lines,legacy,timings.cpu_batch_ms,63.185,63.1593,65.6026,ms
lines,legacy,timings.gpu_finalize_wall_ms,4.6055999999999955,4.484099999999998,4.8980999999999995,ms
lines,legacy,timings.upload_cpu_ms,3.2252,3.1935,3.4426,ms
lines,legacy,timings.fully_prepared_ms,76.82080000000002,76.74700000000001,77.0771,ms
lines,legacy,timings.annotation_publish_after_commit_ms,0,0,0,ms
lines,legacy,timings.load_response_ms,76.4412000135053,76.26190001610667,99.76270000333898,ms
lines,legacy,timings.full_detail_observed_ms,268.0170999956317,234.42130000330508,333.5127000173088,ms
lines,legacy,timings.preparation_settled_observed_ms,268.02600000519305,234.42789999535307,333.5207000200171,ms
lines,legacy,timings.verified_image_ms,780.7673999923281,762.9661000100896,870.1170000131242,ms
lines,legacy,timings.capture_ms,528.5387999902014,512.7407000109088,536.5949999832083,ms
lines,legacy,timings.startup_ms,628.6240000044927,626.063100004103,680.6807999964803,ms
lines,legacy,phases.capacity_preflight,0.2959,0.2341,0.334,ms
lines,legacy,phases.parse,14.445,14.2497,14.7985,ms
lines,legacy,phases.legacy_freeform_reparse,0,0,0,ms
lines,legacy,phases.freeform_resolve,0,0,0,ms
lines,legacy,phases.mesh_validate,0.0173,0.0168,0.0289,ms
lines,legacy,phases.source_adoption,1.742,1.6818,2.2656,ms
lines,legacy,phases.coordinate_localization,5.1434,5.0437,5.348,ms
lines,legacy,phases.triangulation,0.0124,0.012,0.0151,ms
lines,legacy,phases.mesh_mapping,10.202,10.094,10.3386,ms
lines,legacy,phases.normals,0.721,0.7096,0.7376,ms
lines,legacy,phases.mesh_bounds,3.9176,3.7683,4.3283,ms
lines,legacy,phases.freeform_tessellation_append,0,0,0,ms
lines,legacy,phases.ui_group_preparation,5.852,5.646,5.9624,ms
lines,legacy,phases.gpu_input_validation,0.6133,0.6133,0.6232,ms
lines,legacy,phases.point_membership,1.8299,1.8295,1.8754,ms
lines,legacy,phases.point_hierarchy,17.1955,17.0778,17.7108,ms
lines,legacy,phases.annotation_blocks_fingerprints,0,0,0,ms
lines,legacy,phases.annotation_spatial_index,0,0,0,ms
lines,legacy,phases.annotation_snapshot_copy,0,0,0,ms
lines,legacy,memory.import_peak_commit_bytes,348385280,346443776,350117888,bytes
lines,legacy,memory.import_peak_working_set_bytes,126906368,126693376,126980096,bytes
lines,legacy,memory.prepared_private_bytes,348377088,346435584,350109696,bytes
lines,legacy,memory.lifecycle_peak_commit_bytes,485064704,483704832,486772736,bytes
lines,legacy,memory.copied_position_bytes,4800000,4800000,4800000,bytes
lines,legacy,memory.source_adoption_private_bytes,296079360,294469632,296607744,bytes
lines,legacy,render.steady_gpu_ms,0.361472,0.360704,0.361472,ms
lines,legacy,render.steady_cpu_submit_ms,3.9284999999999997,3.9202,3.9857500000000003,ms
lines,legacy,render.steady_frame_interval_ms,4.157849999999996,4.152300000000025,4.159400000000005,ms
lines,legacy,render.navigation_gpu_ms,0.994816,0.362496,0.995328,ms
lines,legacy,render.navigation_cpu_submit_ms,3.9057,3.8053,3.93125,ms
lines,legacy,render.navigation_frame_interval_ms,4.163600000000002,4.154950000000014,4.170199999999966,ms
lines,prototype_copy,timings.first_submitted_ms,97.3407,89.40259999999999,97.4693,ms
lines,prototype_copy,timings.scene_commit_ms,91.75469999999999,83.5126,91.93459999999999,ms
lines,prototype_copy,timings.cpu_batch_ms,83.5779,77.3638,84.2073,ms
lines,prototype_copy,timings.gpu_finalize_wall_ms,4.441199999999981,4.436700000000002,4.566299999999984,ms
lines,prototype_copy,timings.upload_cpu_ms,3.1651,3.1529,3.3507000000000002,ms
lines,prototype_copy,timings.fully_prepared_ms,97.3407,89.40259999999999,97.4693,ms
lines,prototype_copy,timings.annotation_publish_after_commit_ms,0,0,0,ms
lines,prototype_copy,timings.load_response_ms,95.11230001226068,87.66560000367463,117.0816000085324,ms
lines,prototype_copy,timings.full_detail_observed_ms,311.18489999789745,258.4402000065893,329.39699999406,ms
lines,prototype_copy,timings.preparation_settled_observed_ms,311.19310000212863,258.4472000016831,329.40469999448396,ms
lines,prototype_copy,timings.verified_image_ms,867.144100018777,777.130100002978,916.8116000073496,ms
lines,prototype_copy,timings.capture_ms,555.9499000082724,518.6830000020564,587.4059999769088,ms
lines,prototype_copy,timings.startup_ms,633.9648999855854,622.9845999914687,664.3174999917392,ms
lines,prototype_copy,phases.capacity_preflight,0.2749,0.2618,0.2762,ms
lines,prototype_copy,phases.parse,34.9107,32.1117,37.2477,ms
lines,prototype_copy,phases.legacy_freeform_reparse,0,0,0,ms
lines,prototype_copy,phases.freeform_resolve,0.0229,0.0221,0.0235,ms
lines,prototype_copy,phases.mesh_validate,0.0174,0.0173,0.0175,ms
lines,prototype_copy,phases.source_adoption,0.9729,0.9495,1.0022,ms
lines,prototype_copy,phases.coordinate_localization,3.8537,3.8394,3.9711,ms
lines,prototype_copy,phases.triangulation,0.0075,0.0072,0.0089,ms
lines,prototype_copy,phases.mesh_mapping,10.2143,9.9362,10.2143,ms
lines,prototype_copy,phases.normals,0.7047,0.6942,0.7324,ms
lines,prototype_copy,phases.mesh_bounds,3.9359,3.7478,4.3342,ms
lines,prototype_copy,phases.freeform_tessellation_append,0,0,0,ms
lines,prototype_copy,phases.ui_group_preparation,5.7001,5.4185,6.2941,ms
lines,prototype_copy,phases.gpu_input_validation,0.6202,0.6142,0.6272,ms
lines,prototype_copy,phases.point_membership,1.8242,1.7421,1.9918,ms
lines,prototype_copy,phases.point_hierarchy,17.2913,16.6149,18.0182,ms
lines,prototype_copy,phases.annotation_blocks_fingerprints,0,0,0,ms
lines,prototype_copy,phases.annotation_spatial_index,0,0,0,ms
lines,prototype_copy,phases.annotation_snapshot_copy,0,0,0,ms
lines,prototype_copy,memory.import_peak_commit_bytes,348016640,347906048,350224384,bytes
lines,prototype_copy,memory.import_peak_working_set_bytes,125370368,125079552,125636608,bytes
lines,prototype_copy,memory.prepared_private_bytes,348008448,347897856,350216192,bytes
lines,prototype_copy,memory.lifecycle_peak_commit_bytes,484663296,484610048,486813696,bytes
lines,prototype_copy,memory.copied_position_bytes,4800000,4800000,4800000,bytes
lines,prototype_copy,memory.source_adoption_private_bytes,294928384,293855232,296468480,bytes
lines,prototype_copy,render.steady_gpu_ms,0.361472,0.361472,0.375808,ms
lines,prototype_copy,render.steady_cpu_submit_ms,4.0073,4.0029,4.0087,ms
lines,prototype_copy,render.steady_frame_interval_ms,4.16900000000004,4.1603999999999814,4.172799999999995,ms
lines,prototype_copy,render.navigation_gpu_ms,0.997376,0.9881599999999999,1.061888,ms
lines,prototype_copy,render.navigation_cpu_submit_ms,3.9250999999999996,3.9193,3.93215,ms
lines,prototype_copy,render.navigation_frame_interval_ms,4.162900000000008,4.160199999999975,4.171800000000005,ms
lines,prototype,timings.first_submitted_ms,89.04419999999999,88.95400000000001,89.2361,ms
lines,prototype,timings.scene_commit_ms,83.4658,83.3911,83.7458,ms
lines,prototype,timings.cpu_batch_ms,77.2249,77.1973,78.5534,ms
lines,prototype,timings.gpu_finalize_wall_ms,4.479399999999998,4.421199999999999,4.526200000000017,ms
lines,prototype,timings.upload_cpu_ms,3.1965000000000003,3.1589,3.1994,ms
lines,prototype,timings.fully_prepared_ms,89.04419999999999,88.95400000000001,89.2361,ms
lines,prototype,timings.annotation_publish_after_commit_ms,0,0,0,ms
lines,prototype,timings.load_response_ms,89.08740000333637,86.94039998226799,101.16620000917464,ms
lines,prototype,timings.full_detail_observed_ms,251.37159999576397,244.78079998516478,392.85460000974126,ms
lines,prototype,timings.preparation_settled_observed_ms,251.37939999694936,244.78729997645132,392.86160000483505,ms
lines,prototype,timings.verified_image_ms,769.785199983744,767.061399994418,915.8939000044484,ms
lines,prototype,timings.capture_ms,523.0328000034206,515.6813999929,524.998399981996,ms
lines,prototype,timings.startup_ms,614.8882000125013,614.569900004426,627.5887000083458,ms
lines,prototype,phases.capacity_preflight,0.3353,0.2539,0.341,ms
lines,prototype,phases.parse,32.784,32.6501,33.1994,ms
lines,prototype,phases.legacy_freeform_reparse,0,0,0,ms
lines,prototype,phases.freeform_resolve,0.0233,0.0228,0.0253,ms
lines,prototype,phases.mesh_validate,0.0178,0.0172,0.0183,ms
lines,prototype,phases.source_adoption,0.0034,0.0025,0.0035,ms
lines,prototype,phases.coordinate_localization,3.8503,3.8473,3.8533,ms
lines,prototype,phases.triangulation,0.0078,0.007,0.0081,ms
lines,prototype,phases.mesh_mapping,10.0658,10.0359,10.0975,ms
lines,prototype,phases.normals,0.6921,0.6876,0.6958,ms
lines,prototype,phases.mesh_bounds,3.8155,3.791,3.8185,ms
lines,prototype,phases.freeform_tessellation_append,0,0,0,ms
lines,prototype,phases.ui_group_preparation,5.4871,5.4294,5.4928,ms
lines,prototype,phases.gpu_input_validation,0.6176,0.6139,0.6208,ms
lines,prototype,phases.point_membership,1.8409,1.7523,1.9717,ms
lines,prototype,phases.point_hierarchy,16.8307,16.7928,17.4826,ms
lines,prototype,phases.annotation_blocks_fingerprints,0,0,0,ms
lines,prototype,phases.annotation_spatial_index,0,0,0,ms
lines,prototype,phases.annotation_snapshot_copy,0,0,0,ms
lines,prototype,memory.import_peak_commit_bytes,345018368,344768512,348545024,bytes
lines,prototype,memory.import_peak_working_set_bytes,124624896,123969536,124854272,bytes
lines,prototype,memory.prepared_private_bytes,345010176,344760320,348536832,bytes
lines,prototype,memory.lifecycle_peak_commit_bytes,481869824,481681408,485191680,bytes
lines,prototype,memory.copied_position_bytes,0,0,0,bytes
lines,prototype,memory.source_adoption_private_bytes,288493568,288243712,289722368,bytes
lines,prototype,render.steady_gpu_ms,0.375808,0.361472,0.377856,ms
lines,prototype,render.steady_cpu_submit_ms,4.0028500000000005,3.9994,4.0089500000000005,ms
lines,prototype,render.steady_frame_interval_ms,4.161100000000001,4.161099999999976,4.1673999999999864,ms
lines,prototype,render.navigation_gpu_ms,1.00864,0.990208,1.501184,ms
lines,prototype,render.navigation_cpu_submit_ms,3.92965,3.9263,3.9571,ms
lines,prototype,render.navigation_frame_interval_ms,4.165149999999997,4.158600000000007,4.168999999999997,ms
trimmed,legacy,timings.first_submitted_ms,342.3303,337.97,348.1451,ms
trimmed,legacy,timings.scene_commit_ms,320.8886,316.8403,325.6587,ms
trimmed,legacy,timings.cpu_batch_ms,314.1296,308.581,320.4357,ms
trimmed,legacy,timings.gpu_finalize_wall_ms,4.199199999999962,4.16579999999999,4.383800000000008,ms
trimmed,legacy,timings.upload_cpu_ms,1.2821,1.2171,1.3537,ms
trimmed,legacy,timings.fully_prepared_ms,375.387,371.5546,388.0086,ms
trimmed,legacy,timings.annotation_publish_after_commit_ms,54.71429999999998,54.498400000000004,62.34989999999999,ms
trimmed,legacy,timings.load_response_ms,330.8639999886509,322.9052000096999,338.7020000081975,ms
trimmed,legacy,timings.full_detail_observed_ms,426.2089999974705,423.37010000483133,438.9470999885816,ms
trimmed,legacy,timings.preparation_settled_observed_ms,438.95619999966584,423.3783000090625,463.750800001435,ms
trimmed,legacy,timings.verified_image_ms,951.6252999892458,950.5323999910615,967.8784999996424,ms
trimmed,legacy,timings.capture_ms,512.6684000133537,504.1264000174124,527.1529000019655,ms
trimmed,legacy,timings.startup_ms,645.1003999973182,635.2883000217844,659.8941999836825,ms
trimmed,legacy,phases.capacity_preflight,0.2746,0.2616,0.2798,ms
trimmed,legacy,phases.parse,0.5831,0.5639,0.7425,ms
trimmed,legacy,phases.legacy_freeform_reparse,3.8209,3.774,4.06,ms
trimmed,legacy,phases.freeform_resolve,0,0,0,ms
trimmed,legacy,phases.mesh_validate,0.0029,0.0025,0.003,ms
trimmed,legacy,phases.source_adoption,0.0066,0.006,0.0066,ms
trimmed,legacy,phases.coordinate_localization,0.0099,0.0097,0.01,ms
trimmed,legacy,phases.triangulation,0.0059,0.0057,0.006,ms
trimmed,legacy,phases.mesh_mapping,0.0068,0.0067,0.0075,ms
trimmed,legacy,phases.normals,0.0009,0.0009,0.0009,ms
trimmed,legacy,phases.mesh_bounds,1.1067,1.0585,1.1323,ms
trimmed,legacy,phases.freeform_tessellation_append,302.281,297.0269,308.3993,ms
trimmed,legacy,phases.ui_group_preparation,3.9688,3.9476,4.1243,ms
trimmed,legacy,phases.gpu_input_validation,0.4499,0.4499,0.4705,ms
trimmed,legacy,phases.point_membership,0.7357,0.7042,0.9635,ms
trimmed,legacy,phases.point_hierarchy,0.0045,0.0041,0.0065,ms
trimmed,legacy,phases.annotation_blocks_fingerprints,4.4838,4.3024,5.0886,ms
trimmed,legacy,phases.annotation_spatial_index,12.7246,10.5468,14.3405,ms
trimmed,legacy,phases.annotation_snapshot_copy,2.1511,2.1219,2.5653,ms
trimmed,legacy,memory.import_peak_commit_bytes,304078848,296427520,306307072,bytes
trimmed,legacy,memory.import_peak_working_set_bytes,113876992,110534656,114475008,bytes
trimmed,legacy,memory.prepared_private_bytes,304025600,296427520,306229248,bytes
trimmed,legacy,memory.lifecycle_peak_commit_bytes,442232832,440688640,443080704,bytes
trimmed,legacy,memory.copied_position_bytes,6144,6144,6144,bytes
trimmed,legacy,memory.source_adoption_private_bytes,282537984,280870912,284889088,bytes
trimmed,legacy,render.steady_gpu_ms,0.141312,0.141312,0.142336,ms
trimmed,legacy,render.steady_cpu_submit_ms,3.9513,3.9151,3.95165,ms
trimmed,legacy,render.steady_frame_interval_ms,4.166350000000001,4.161500000000046,4.169200000000004,ms
trimmed,legacy,render.navigation_gpu_ms,0.142336,0.139264,0.30310400000000004,ms
trimmed,legacy,render.navigation_cpu_submit_ms,3.8872999999999998,3.864,3.90925,ms
trimmed,legacy,render.navigation_frame_interval_ms,4.1601,4.156350000000003,4.165800000000004,ms
trimmed,prototype_copy,timings.first_submitted_ms,337.3718,337.1251,342.3691,ms
trimmed,prototype_copy,timings.scene_commit_ms,316.6212,316.6083,316.7087,ms
trimmed,prototype_copy,timings.cpu_batch_ms,311.1059,310.3546,311.3535,ms
trimmed,prototype_copy,timings.gpu_finalize_wall_ms,4.372400000000027,4.229199999999992,4.378399999999999,ms
trimmed,prototype_copy,timings.upload_cpu_ms,1.2011,1.1837,1.2443,ms
trimmed,prototype_copy,timings.fully_prepared_ms,370.67719999999997,369.79409999999996,376.4726,ms
trimmed,prototype_copy,timings.annotation_publish_after_commit_ms,53.968500000000006,53.18579999999997,59.85140000000001,ms
trimmed,prototype_copy,timings.load_response_ms,322.7920000208542,321.9880999822635,342.19019999727607,ms
trimmed,prototype_copy,timings.full_detail_observed_ms,411.92009998485446,392.4181000038516,445.3292000107467,ms
trimmed,prototype_copy,timings.preparation_settled_observed_ms,446.57669999287464,445.33980000414886,466.1181999836117,ms
trimmed,prototype_copy,timings.verified_image_ms,950.2615999954287,949.1656000027433,969.9034999939613,ms
trimmed,prototype_copy,timings.capture_ms,503.784500004258,503.6837000225205,503.82439998793416,ms
trimmed,prototype_copy,timings.startup_ms,606.2267999805044,605.3350000001956,633.5768999997526,ms
trimmed,prototype_copy,phases.capacity_preflight,0.2608,0.2571,0.307,ms
trimmed,prototype_copy,phases.parse,1.2851,1.2684,1.3405,ms
trimmed,prototype_copy,phases.legacy_freeform_reparse,0,0,0,ms
trimmed,prototype_copy,phases.freeform_resolve,0.3754,0.3605,0.4108,ms
trimmed,prototype_copy,phases.mesh_validate,0.0027,0.0026,0.0029,ms
trimmed,prototype_copy,phases.source_adoption,0.0034,0.0034,0.0041,ms
trimmed,prototype_copy,phases.coordinate_localization,0.009,0.009,0.0096,ms
trimmed,prototype_copy,phases.triangulation,0.0061,0.0059,0.0062,ms
trimmed,prototype_copy,phases.mesh_mapping,0.0111,0.011,0.0115,ms
trimmed,prototype_copy,phases.normals,0.0008,0.0008,0.0009,ms
trimmed,prototype_copy,phases.mesh_bounds,1.0402,1.0337,1.0746,ms
trimmed,prototype_copy,phases.freeform_tessellation_append,302.3409,301.5222,302.4913,ms
trimmed,prototype_copy,phases.ui_group_preparation,4.0156,3.9999,4.0327,ms
trimmed,prototype_copy,phases.gpu_input_validation,0.4728,0.4507,0.4837,ms
trimmed,prototype_copy,phases.point_membership,0.6946,0.6569,0.6971,ms
trimmed,prototype_copy,phases.point_hierarchy,0.0043,0.0041,0.0051,ms
trimmed,prototype_copy,phases.annotation_blocks_fingerprints,4.4534,4.3363,4.5251,ms
trimmed,prototype_copy,phases.annotation_spatial_index,13.2421,10.5186,14.53,ms
trimmed,prototype_copy,phases.annotation_snapshot_copy,2.5768,2.237,3.2696,ms
trimmed,prototype_copy,memory.import_peak_commit_bytes,303124480,302026752,304816128,bytes
trimmed,prototype_copy,memory.import_peak_working_set_bytes,113819648,113745920,114454528,bytes
trimmed,prototype_copy,memory.prepared_private_bytes,303087616,301944832,304762880,bytes
trimmed,prototype_copy,memory.lifecycle_peak_commit_bytes,441184256,440619008,441778176,bytes
trimmed,prototype_copy,memory.copied_position_bytes,6144,6144,6144,bytes
trimmed,prototype_copy,memory.source_adoption_private_bytes,281305088,280035328,282710016,bytes
trimmed,prototype_copy,render.steady_gpu_ms,0.142336,0.141312,0.142336,ms
trimmed,prototype_copy,render.steady_cpu_submit_ms,3.9524,3.9418,3.9595,ms
trimmed,prototype_copy,render.steady_frame_interval_ms,4.167099999999994,4.163800000000066,4.170150000000007,ms
trimmed,prototype_copy,render.navigation_gpu_ms,0.30208,0.27801600000000004,0.30208,ms
trimmed,prototype_copy,render.navigation_cpu_submit_ms,3.9134,3.87555,3.9244,ms
trimmed,prototype_copy,render.navigation_frame_interval_ms,4.1655999999999835,4.163399999999996,4.172250000000005,ms
trimmed,prototype,timings.first_submitted_ms,346.3558,339.6966,351.29630000000003,ms
trimmed,prototype,timings.scene_commit_ms,325.11629999999997,316.71619999999996,329.288,ms
trimmed,prototype,timings.cpu_batch_ms,320.2419,311.647,323.958,ms
trimmed,prototype,timings.gpu_finalize_wall_ms,4.216700000000003,4.164699999999982,4.374500000000012,ms
trimmed,prototype,timings.upload_cpu_ms,1.2031,1.185,1.3737,ms
trimmed,prototype,timings.fully_prepared_ms,379.6923,373.4108,384.8568,ms
trimmed,prototype,timings.annotation_publish_after_commit_ms,55.56880000000001,54.57600000000002,56.69459999999998,ms
trimmed,prototype,timings.load_response_ms,342.5800999975763,339.42070000921376,348.82429998833686,ms
trimmed,prototype,timings.full_detail_observed_ms,401.3649999978952,395.8377999952063,410.7209999929182,ms
trimmed,prototype,timings.preparation_settled_observed_ms,473.23440000764094,457.8083999804221,513.8007999921683,ms
trimmed,prototype,timings.verified_image_ms,990.2975000150036,971.4337999757845,1019.914600008633,ms
trimmed,prototype,timings.capture_ms,513.6258999991696,506.1137000157032,517.0638000126928,ms
trimmed,prototype,timings.startup_ms,637.22420000704,604.6716000128072,637.8559999866411,ms
trimmed,prototype,phases.capacity_preflight,0.2618,0.2359,0.268,ms
trimmed,prototype,phases.parse,1.2847,1.2803,1.349,ms
trimmed,prototype,phases.legacy_freeform_reparse,0,0,0,ms
trimmed,prototype,phases.freeform_resolve,0.3963,0.3561,0.405,ms
trimmed,prototype,phases.mesh_validate,0.0026,0.0024,0.0029,ms
trimmed,prototype,phases.source_adoption,0.002,0.0019,0.0021,ms
trimmed,prototype,phases.coordinate_localization,0.0091,0.009,0.0092,ms
trimmed,prototype,phases.triangulation,0.0059,0.0058,0.0061,ms
trimmed,prototype,phases.mesh_mapping,0.0109,0.0108,0.0118,ms
trimmed,prototype,phases.normals,0.0008,0.0008,0.0009,ms
trimmed,prototype,phases.mesh_bounds,1.0289,1.0272,1.0586,ms
trimmed,prototype,phases.freeform_tessellation_append,311.4477,302.758,315.1368,ms
trimmed,prototype,phases.ui_group_preparation,3.9476,3.9474,3.9928,ms
trimmed,prototype,phases.gpu_input_validation,0.457,0.4504,0.4601,ms
trimmed,prototype,phases.point_membership,0.8094,0.7185,0.81,ms
trimmed,prototype,phases.point_hierarchy,0.0045,0.004,0.0047,ms
trimmed,prototype,phases.annotation_blocks_fingerprints,4.5763,4.557,4.5765,ms
trimmed,prototype,phases.annotation_spatial_index,12.6373,12.5678,12.7788,ms
trimmed,prototype,phases.annotation_snapshot_copy,2.5388,2.514,2.6296,ms
trimmed,prototype,memory.import_peak_commit_bytes,306585600,303988736,307363840,bytes
trimmed,prototype,memory.import_peak_working_set_bytes,115249152,114896896,115458048,bytes
trimmed,prototype,memory.prepared_private_bytes,306532352,303943680,307318784,bytes
trimmed,prototype,memory.lifecycle_peak_commit_bytes,444612608,441614336,445460480,bytes
trimmed,prototype,memory.copied_position_bytes,0,0,0,bytes
trimmed,prototype,memory.source_adoption_private_bytes,284655616,280842240,285528064,bytes
trimmed,prototype,render.steady_gpu_ms,0.141312,0.14041599999999999,0.141312,ms
trimmed,prototype,render.steady_cpu_submit_ms,3.9524999999999997,3.9455,3.9533,ms
trimmed,prototype,render.steady_frame_interval_ms,4.158399999999972,4.1515500000000145,4.169099999999986,ms
trimmed,prototype,render.navigation_gpu_ms,0.141312,0.141312,0.141312,ms
trimmed,prototype,render.navigation_cpu_submit_ms,3.889,3.8712999999999997,3.8983,ms
trimmed,prototype,render.navigation_frame_interval_ms,4.158950000000004,4.155500000000018,4.162150000000011,ms
bus,legacy,timings.first_submitted_ms,377.397,373.4218,459.32329999999996,ms
bus,legacy,timings.scene_commit_ms,372.77299999999997,368.47450000000003,454.83279999999996,ms
bus,legacy,timings.cpu_batch_ms,356.6935,350.8822,435.7302,ms
bus,legacy,timings.gpu_finalize_wall_ms,14.486699999999985,14.366200000000049,16.943599999999947,ms
bus,legacy,timings.upload_cpu_ms,9.789000000000001,9.669099999999998,10.6154,ms
bus,legacy,timings.fully_prepared_ms,560.4502,547.6591,761.9884999999999,ms
bus,legacy,timings.annotation_publish_after_commit_ms,187.67719999999997,179.18459999999993,307.1557,ms
bus,legacy,timings.load_response_ms,397.38819998456165,371.8343000218738,472.11349999997765,ms
bus,legacy,timings.full_detail_observed_ms,430.604699999094,409.416800015606,501.20920001063496,ms
bus,legacy,timings.preparation_settled_observed_ms,614.2665999941528,575.927199999569,836.294300010195,ms
bus,legacy,timings.verified_image_ms,1226.006499986397,1186.3130000128876,1566.1244000075385,ms
bus,legacy,timings.capture_ms,611.741600005189,610.3867999918293,729.829999996582,ms
bus,legacy,timings.startup_ms,635.4304999986198,629.0730000182521,650.3857000207063,ms
bus,legacy,phases.capacity_preflight,0.0414,0.0379,0.0454,ms
bus,legacy,phases.parse,118.7858,113.3847,131.775,ms
bus,legacy,phases.legacy_freeform_reparse,0,0,0,ms
bus,legacy,phases.freeform_resolve,0,0,0,ms
bus,legacy,phases.mesh_validate,0.0072,0.0071,0.0074,ms
bus,legacy,phases.source_adoption,5.1798,5.0992,6.9633,ms
bus,legacy,phases.coordinate_localization,13.7043,13.4362,16.4868,ms
bus,legacy,phases.triangulation,7.6793,7.0822,12.0045,ms
bus,legacy,phases.mesh_mapping,91.7256,90.1373,120.037,ms
bus,legacy,phases.normals,1.6223,1.6146,1.9786,ms
bus,legacy,phases.mesh_bounds,10.4169,10.367,11.7082,ms
bus,legacy,phases.freeform_tessellation_append,0,0,0,ms
bus,legacy,phases.ui_group_preparation,42.3243,42.2742,53.1391,ms
bus,legacy,phases.gpu_input_validation,4.9328,4.8502,5.9559,ms
bus,legacy,phases.point_membership,9.8598,8.024,11.0449,ms
bus,legacy,phases.point_hierarchy,46.7949,45.2608,59.1729,ms
bus,legacy,phases.annotation_blocks_fingerprints,43.6396,43.514,61.9631,ms
bus,legacy,phases.annotation_spatial_index,112.7045,109.4842,193.5405,ms
bus,legacy,phases.annotation_snapshot_copy,24.4791,20.084,46.3576,ms
bus,legacy,memory.import_peak_commit_bytes,464314368,462835712,464359424,bytes
bus,legacy,memory.import_peak_working_set_bytes,261038080,261009408,261378048,bytes
bus,legacy,memory.prepared_private_bytes,462471168,429699072,463679488,bytes
bus,legacy,memory.lifecycle_peak_commit_bytes,599101440,596246528,600281088,bytes
bus,legacy,memory.copied_position_bytes,12861432,12861432,12861432,bytes
bus,legacy,memory.source_adoption_private_bytes,346148864,344666112,346742784,bytes
bus,legacy,render.steady_gpu_ms,0.28672,0.282624,0.954368,ms
bus,legacy,render.steady_cpu_submit_ms,3.9714,3.9558,3.9718,ms
bus,legacy,render.steady_frame_interval_ms,4.16640000000001,4.165849999999994,4.172650000000003,ms
bus,legacy,render.navigation_gpu_ms,0.969728,0.951296,0.986112,ms
bus,legacy,render.navigation_cpu_submit_ms,3.8938,3.8881,3.9199,ms
bus,legacy,render.navigation_frame_interval_ms,4.1710000000000065,4.165800000000001,4.174800000000019,ms
bus,prototype_copy,timings.first_submitted_ms,361.2382,352.57779999999997,366.80559999999997,ms
bus,prototype_copy,timings.scene_commit_ms,356.47180000000003,348.3436,362.3222,ms
bus,prototype_copy,timings.cpu_batch_ms,340.4817,332.9351,343.5308,ms
bus,prototype_copy,timings.gpu_finalize_wall_ms,15.06110000000001,14.747500000000002,15.913800000000037,ms
bus,prototype_copy,timings.upload_cpu_ms,10.134599999999999,9.769799999999998,10.301099999999998,ms
bus,prototype_copy,timings.fully_prepared_ms,539.8355,527.1868000000001,549.4001,ms
bus,prototype_copy,timings.annotation_publish_after_commit_ms,183.3637,178.84320000000002,187.07789999999994,ms
bus,prototype_copy,timings.load_response_ms,375.75350000406615,361.75740000908263,377.0598999981303,ms
bus,prototype_copy,timings.full_detail_observed_ms,401.90190001158044,394.64280000538565,425.9431999817025,ms
bus,prototype_copy,timings.preparation_settled_observed_ms,588.3159000077285,553.1570999883115,589.5114000013564,ms
bus,prototype_copy,timings.verified_image_ms,1196.5948999859393,1181.5854999877047,1204.8973999917507,ms
bus,prototype_copy,timings.capture_ms,615.3848000103608,608.2772000227123,628.4271000185981,ms
bus,prototype_copy,timings.startup_ms,634.0007999970112,623.8321999844629,640.793600003235,ms
bus,prototype_copy,phases.capacity_preflight,0.0368,0.0359,0.0415,ms
bus,prototype_copy,phases.parse,93.1416,87.8966,96.0746,ms
bus,prototype_copy,phases.legacy_freeform_reparse,0,0,0,ms
bus,prototype_copy,phases.freeform_resolve,0.0956,0.0952,0.1044,ms
bus,prototype_copy,phases.mesh_validate,0.0038,0.0038,0.0045,ms
bus,prototype_copy,phases.source_adoption,2.4716,2.4411,2.5049,ms
bus,prototype_copy,phases.coordinate_localization,10.6061,10.3573,10.6721,ms
bus,prototype_copy,phases.triangulation,7.302,6.9939,7.6142,ms
bus,prototype_copy,phases.mesh_mapping,105.2282,102.7218,108.191,ms
bus,prototype_copy,phases.normals,1.628,1.5999,1.6697,ms
bus,prototype_copy,phases.mesh_bounds,10.2733,10.2358,10.348,ms
bus,prototype_copy,phases.freeform_tessellation_append,0,0,0,ms
bus,prototype_copy,phases.ui_group_preparation,42.2674,42.1875,42.518,ms
bus,prototype_copy,phases.gpu_input_validation,4.901,4.8512,5.208,ms
bus,prototype_copy,phases.point_membership,7.8,7.7,7.8322,ms
bus,prototype_copy,phases.point_hierarchy,46.0293,45.3386,47.6682,ms
bus,prototype_copy,phases.annotation_blocks_fingerprints,43.5913,43.5589,46.3994,ms
bus,prototype_copy,phases.annotation_spatial_index,110.2223,109.705,113.6362,ms
bus,prototype_copy,phases.annotation_snapshot_copy,20.7749,20.7291,20.91,ms
bus,prototype_copy,memory.import_peak_commit_bytes,468828160,468631552,471719936,bytes
bus,prototype_copy,memory.import_peak_working_set_bytes,266543104,266018816,267108352,bytes
bus,prototype_copy,memory.prepared_private_bytes,462843904,461791232,465543168,bytes
bus,prototype_copy,memory.lifecycle_peak_commit_bytes,599851008,598441984,602140672,bytes
bus,prototype_copy,memory.copied_position_bytes,12861432,12861432,12861432,bytes
bus,prototype_copy,memory.source_adoption_private_bytes,351170560,349741056,353951744,bytes
bus,prototype_copy,render.steady_gpu_ms,0.282624,0.2816,0.285696,ms
bus,prototype_copy,render.steady_cpu_submit_ms,3.9505,3.82,3.9676,ms
bus,prototype_copy,render.steady_frame_interval_ms,4.166650000000004,4.1580000000000155,4.194150000000008,ms
bus,prototype_copy,render.navigation_gpu_ms,0.96768,0.289792,0.990208,ms
bus,prototype_copy,render.navigation_cpu_submit_ms,3.8849,3.8112,3.9019,ms
bus,prototype_copy,render.navigation_frame_interval_ms,4.162050000000022,4.158649999999994,4.162299999999959,ms
bus,prototype,timings.first_submitted_ms,357.07450000000006,351.9323,357.524,ms
bus,prototype,timings.scene_commit_ms,352.41159999999996,347.5775,352.7536,ms
bus,prototype,timings.cpu_batch_ms,334.2008,331.663,336.135,ms
bus,prototype,timings.gpu_finalize_wall_ms,14.965399999999988,14.857499999999959,15.159100000000024,ms
bus,prototype,timings.upload_cpu_ms,10.0564,9.797699999999999,10.139,ms
bus,prototype,timings.fully_prepared_ms,535.8166,530.6671,535.8498,ms
bus,prototype,timings.annotation_publish_after_commit_ms,183.08960000000002,183.063,183.4382,ms
bus,prototype,timings.load_response_ms,372.4934999772813,359.51189999468625,375.92550000408664,ms
bus,prototype,timings.full_detail_observed_ms,400.786500016693,388.1960999860894,422.5900999736041,ms
bus,prototype,timings.preparation_settled_observed_ms,576.6663999820594,559.3047000002116,621.4300999999978,ms
bus,prototype,timings.verified_image_ms,1187.2272999898996,1165.6929000164382,1246.9167999806814,ms
bus,prototype,timings.capture_ms,610.5593999964185,606.3882000162266,625.4859000036959,ms
bus,prototype,timings.startup_ms,632.1444999775849,625.5536999960896,637.5651000125799,ms
bus,prototype,phases.capacity_preflight,0.035,0.0342,0.0405,ms
bus,prototype,phases.parse,90.8866,85.7769,94.443,ms
bus,prototype,phases.legacy_freeform_reparse,0,0,0,ms
bus,prototype,phases.freeform_resolve,0.0959,0.0943,0.0964,ms
bus,prototype,phases.mesh_validate,0.0042,0.0037,0.0046,ms
bus,prototype,phases.source_adoption,0.0024,0.0024,0.0025,ms
bus,prototype,phases.coordinate_localization,10.3189,10.3157,10.3218,ms
bus,prototype,phases.triangulation,7.244,7.22,7.2993,ms
bus,prototype,phases.mesh_mapping,103.4508,103.374,105.5927,ms
bus,prototype,phases.normals,1.6473,1.6081,1.76,ms
bus,prototype,phases.mesh_bounds,10.5451,10.3303,10.7844,ms
bus,prototype,phases.freeform_tessellation_append,0,0,0,ms
bus,prototype,phases.ui_group_preparation,42.5091,42.2116,45.6611,ms
bus,prototype,phases.gpu_input_validation,4.8629,4.8499,5.2673,ms
bus,prototype,phases.point_membership,8.0056,7.786,8.733,ms
bus,prototype,phases.point_hierarchy,46.8754,46.0353,49.4761,ms
bus,prototype,phases.annotation_blocks_fingerprints,44.3124,43.8978,45.6828,ms
bus,prototype,phases.annotation_spatial_index,109.8018,109.4948,110.6732,ms
bus,prototype,phases.annotation_snapshot_copy,20.2992,20.1614,20.8076,ms
bus,prototype,memory.import_peak_commit_bytes,463032320,461094912,464781312,bytes
bus,prototype,memory.import_peak_working_set_bytes,252891136,252735488,254025728,bytes
bus,prototype,memory.prepared_private_bytes,462995456,461090816,464719872,bytes
bus,prototype,memory.lifecycle_peak_commit_bytes,599646208,598691840,601354240,bytes
bus,prototype,memory.copied_position_bytes,0,0,0,bytes
bus,prototype,memory.source_adoption_private_bytes,340811776,338083840,341258240,bytes
bus,prototype,render.steady_gpu_ms,0.281856,0.2816,0.282624,ms
bus,prototype,render.steady_cpu_submit_ms,3.9442,3.9315,3.9643499999999996,ms
bus,prototype,render.steady_frame_interval_ms,4.159699999999987,4.1495499999999765,4.1720000000000255,ms
bus,prototype,render.navigation_gpu_ms,0.971776,0.969728,0.990208,ms
bus,prototype,render.navigation_cpu_submit_ms,3.9146,3.8745,3.9194,ms
bus,prototype,render.navigation_frame_interval_ms,4.166649999999997,4.16659999999996,4.172199999999975,ms
cloud,legacy,timings.first_submitted_ms,2611.7900999999997,2564.5759000000003,2692.2843000000003,ms
cloud,legacy,timings.scene_commit_ms,2604.8044,2558.8752000000004,2686.8686,ms
cloud,legacy,timings.cpu_batch_ms,2551.6163,2503.8539,2634.3605,ms
cloud,legacy,timings.gpu_finalize_wall_ms,51.14080000000013,49.334499999999935,51.47450000000026,ms
cloud,legacy,timings.upload_cpu_ms,37.357099999999996,36.98320000000001,39.81629999999999,ms
cloud,legacy,timings.fully_prepared_ms,2611.7900999999997,2564.5759000000003,2692.2843000000003,ms
cloud,legacy,timings.annotation_publish_after_commit_ms,0,0,0,ms
cloud,legacy,timings.load_response_ms,2608.4042000002228,2587.201599992113,2709.686199988937,ms
cloud,legacy,timings.full_detail_observed_ms,2904.0364999964368,2845.8729999838397,2979.0992999915034,ms
cloud,legacy,timings.preparation_settled_observed_ms,2904.0441999968607,2845.880799985025,2979.1094999818597,ms
cloud,legacy,timings.verified_image_ms,3436.619000014616,3356.2037000083365,3510.525499994401,ms
cloud,legacy,timings.capture_ms,531.4146000018809,510.3223000187427,532.578000013018,ms
cloud,legacy,timings.startup_ms,642.4158000154421,633.163999998942,676.1427999881562,ms
cloud,legacy,phases.capacity_preflight,0.0422,0.0359,0.0526,ms
cloud,legacy,phases.parse,442.621,432.0731,448.687,ms
cloud,legacy,phases.legacy_freeform_reparse,0,0,0,ms
cloud,legacy,phases.freeform_resolve,0,0,0,ms
cloud,legacy,phases.mesh_validate,0.0052,0.0051,0.0055,ms
cloud,legacy,phases.source_adoption,83.1598,80.0977,87.4581,ms
cloud,legacy,phases.coordinate_localization,254.087,252.3687,257.3427,ms
cloud,legacy,phases.triangulation,0.0264,0.0201,0.0267,ms
cloud,legacy,phases.mesh_mapping,438.4359,433.6911,441.0741,ms
cloud,legacy,phases.normals,40.8993,35.5837,47.4807,ms
cloud,legacy,phases.mesh_bounds,201.2957,191.8386,203.4318,ms
cloud,legacy,phases.freeform_tessellation_append,0,0,0,ms
cloud,legacy,phases.ui_group_preparation,144.6274,135.9498,148.6341,ms
cloud,legacy,phases.gpu_input_validation,16.4556,15.4085,17.9095,ms
cloud,legacy,phases.point_membership,60.9503,57.6671,66.313,ms
cloud,legacy,phases.point_hierarchy,832.1196,828.132,912.5226,ms
cloud,legacy,phases.annotation_blocks_fingerprints,0,0,0,ms
cloud,legacy,phases.annotation_spatial_index,0,0,0,ms
cloud,legacy,phases.annotation_snapshot_copy,0,0,0,ms
cloud,legacy,memory.import_peak_commit_bytes,1569185792,1568567296,1571418112,bytes
cloud,legacy,memory.import_peak_working_set_bytes,1341796352,1341538304,1341808640,bytes
cloud,legacy,memory.prepared_private_bytes,1564610560,1562451968,1565949952,bytes
cloud,legacy,memory.lifecycle_peak_commit_bytes,1701224448,1699127296,1702572032,bytes
cloud,legacy,memory.copied_position_bytes,240000000,240000000,240000000,bytes
cloud,legacy,memory.source_adoption_private_bytes,885002240,884297728,887697408,bytes
cloud,legacy,render.steady_gpu_ms,0.175104,0.168192,0.18432,ms
cloud,legacy,render.steady_cpu_submit_ms,3.99145,3.8825,3.9970499999999998,ms
cloud,legacy,render.steady_frame_interval_ms,4.161900000000003,4.160750000000007,4.1626999999999725,ms
cloud,legacy,render.navigation_gpu_ms,4.419072,3.29728,4.51648,ms
cloud,legacy,render.navigation_cpu_submit_ms,4.22305,3.9443,4.3447,ms
cloud,legacy,render.navigation_frame_interval_ms,4.735900000000001,4.196800000000007,4.790000000000001,ms
cloud,prototype_copy,timings.first_submitted_ms,2634.916,2583.4930999999997,2743.3203,ms
cloud,prototype_copy,timings.scene_commit_ms,2629.6436000000003,2578.0402,2738.5108,ms
cloud,prototype_copy,timings.cpu_batch_ms,2579.7965,2526.9407,2682.6414,ms
cloud,prototype_copy,timings.gpu_finalize_wall_ms,48.53810000000021,48.03600000000006,52.551400000000285,ms
cloud,prototype_copy,timings.upload_cpu_ms,36.88970000000001,36.537299999999995,38.754699999999985,ms
cloud,prototype_copy,timings.fully_prepared_ms,2634.916,2583.4930999999997,2743.3203,ms
cloud,prototype_copy,timings.annotation_publish_after_commit_ms,0,0,0,ms
cloud,prototype_copy,timings.load_response_ms,2649.342799995793,2582.638499996392,2778.9186000009067,ms
cloud,prototype_copy,timings.full_detail_observed_ms,2958.2363000081386,2815.6204000115395,3024.1794000030495,ms
cloud,prototype_copy,timings.preparation_settled_observed_ms,2958.2435000047553,2815.6300999980886,3024.1882000118494,ms
cloud,prototype_copy,timings.verified_image_ms,3472.264300013194,3345.600500004366,3535.472600022331,ms
cloud,prototype_copy,timings.capture_ms,514.0246000082698,511.2844000104815,529.9688999948557,ms
cloud,prototype_copy,timings.startup_ms,659.3632999865804,622.8314000181854,703.5240000113845,ms
cloud,prototype_copy,phases.capacity_preflight,0.0355,0.0338,0.0449,ms
cloud,prototype_copy,phases.parse,541.9277,524.121,559.4686,ms
cloud,prototype_copy,phases.legacy_freeform_reparse,0,0,0,ms
cloud,prototype_copy,phases.freeform_resolve,0.0171,0.015,0.0182,ms
cloud,prototype_copy,phases.mesh_validate,0.0072,0.0061,0.0073,ms
cloud,prototype_copy,phases.source_adoption,45.6812,44.7481,45.8979,ms
cloud,prototype_copy,phases.coordinate_localization,193.864,193.589,195.6145,ms
cloud,prototype_copy,phases.triangulation,0.0182,0.0171,0.0224,ms
cloud,prototype_copy,phases.mesh_mapping,442.2486,426.3348,449.3777,ms
cloud,prototype_copy,phases.normals,38.1226,34.8705,42.4051,ms
cloud,prototype_copy,phases.mesh_bounds,200.4213,195.1235,200.9406,ms
cloud,prototype_copy,phases.freeform_tessellation_append,0,0,0,ms
cloud,prototype_copy,phases.ui_group_preparation,146.4815,141.7351,158.1379,ms
cloud,prototype_copy,phases.gpu_input_validation,17.52,15.6868,27.2096,ms
cloud,prototype_copy,phases.point_membership,73.065,66.3591,75.5295,ms
cloud,prototype_copy,phases.point_hierarchy,847.4248,795.8794,968.4949,ms
cloud,prototype_copy,phases.annotation_blocks_fingerprints,0,0,0,ms
cloud,prototype_copy,phases.annotation_spatial_index,0,0,0,ms
cloud,prototype_copy,phases.annotation_snapshot_copy,0,0,0,ms
cloud,prototype_copy,memory.import_peak_commit_bytes,1571942400,1569669120,1573388288,bytes
cloud,prototype_copy,memory.import_peak_working_set_bytes,1342062592,1341976576,1342455808,bytes
cloud,prototype_copy,memory.prepared_private_bytes,1565220864,1563508736,1565372416,bytes
cloud,prototype_copy,memory.lifecycle_peak_commit_bytes,1701863424,1700716544,1702227968,bytes
cloud,prototype_copy,memory.copied_position_bytes,240000000,240000000,240000000,bytes
cloud,prototype_copy,memory.source_adoption_private_bytes,886849536,885186560,888111104,bytes
cloud,prototype_copy,render.steady_gpu_ms,0.167168,0.164864,0.167936,ms
cloud,prototype_copy,render.steady_cpu_submit_ms,3.9898,3.95995,3.9942,ms
cloud,prototype_copy,render.steady_frame_interval_ms,4.164100000000019,4.1597000000000435,4.171899999999994,ms
cloud,prototype_copy,render.navigation_gpu_ms,3.404288,2.44224,4.223231999999999,ms
cloud,prototype_copy,render.navigation_cpu_submit_ms,4.006349999999999,3.9436,4.0239,ms
cloud,prototype_copy,render.navigation_frame_interval_ms,4.252900000000011,4.241399999999999,4.35329999999999,ms
cloud,prototype,timings.first_submitted_ms,2644.0179,2587.7347,3244.3561,ms
cloud,prototype,timings.scene_commit_ms,2638.8212,2582.7239999999997,3238.6373,ms
cloud,prototype,timings.cpu_batch_ms,2585.3831,2529.8177,3187.7127,ms
cloud,prototype,timings.gpu_finalize_wall_ms,49.203500000000076,48.439800000000105,50.148699999999735,ms
cloud,prototype,timings.upload_cpu_ms,37.2655,36.355199999999996,37.531299999999995,ms
cloud,prototype,timings.fully_prepared_ms,2644.0179,2587.7347,3244.3561,ms
cloud,prototype,timings.annotation_publish_after_commit_ms,0,0,0,ms
cloud,prototype,timings.load_response_ms,2642.968899977859,2605.3599000151735,3244.690100022126,ms
cloud,prototype,timings.full_detail_observed_ms,2953.4935999836307,2865.454899991164,3555.272800003877,ms
cloud,prototype,timings.preparation_settled_observed_ms,2953.503600001568,2865.461500012316,3555.2844000048935,ms
cloud,prototype,timings.verified_image_ms,3475.295499985805,3391.192300012335,4094.137700012652,ms
cloud,prototype,timings.capture_ms,525.7308000000194,521.7904000019189,538.8534000085201,ms
cloud,prototype,timings.startup_ms,647.6434999785852,620.0302999932319,653.226900001755,ms
cloud,prototype,phases.capacity_preflight,0.0344,0.0337,0.0387,ms
cloud,prototype,phases.parse,554.199,527.813,663.6066,ms
cloud,prototype,phases.legacy_freeform_reparse,0,0,0,ms
cloud,prototype,phases.freeform_resolve,0.0157,0.0151,0.0208,ms
cloud,prototype,phases.mesh_validate,0.0066,0.0061,0.0099,ms
cloud,prototype,phases.source_adoption,0.0024,0.0024,0.0035,ms
cloud,prototype,phases.coordinate_localization,199.3768,193.7482,234.8634,ms
cloud,prototype,phases.triangulation,0.017,0.0168,0.0224,ms
cloud,prototype,phases.mesh_mapping,462.7712,441.8593,549.6767,ms
cloud,prototype,phases.normals,42.0931,36.6772,71.6822,ms
cloud,prototype,phases.mesh_bounds,208.9168,198.3657,321.5643,ms
cloud,prototype,phases.freeform_tessellation_append,0,0,0,ms
cloud,prototype,phases.ui_group_preparation,152.4514,150.719,184.7246,ms
cloud,prototype,phases.gpu_input_validation,25.2017,20.5439,25.717,ms
cloud,prototype,phases.point_membership,71.1503,64.9519,73.1918,ms
cloud,prototype,phases.point_hierarchy,895.7558,837.9277,1046.0387,ms
cloud,prototype,phases.annotation_blocks_fingerprints,0,0,0,ms
cloud,prototype,phases.annotation_spatial_index,0,0,0,ms
cloud,prototype,phases.annotation_snapshot_copy,0,0,0,ms
cloud,prototype,memory.import_peak_commit_bytes,1572130816,1570656256,1574989824,bytes
cloud,prototype,memory.import_peak_working_set_bytes,1304371200,1303756800,1305026560,bytes
cloud,prototype,memory.prepared_private_bytes,1568534528,1565134848,1569947648,bytes
cloud,prototype,memory.lifecycle_peak_commit_bytes,1705250816,1702068224,1706541056,bytes
cloud,prototype,memory.copied_position_bytes,0,0,0,bytes
cloud,prototype,memory.source_adoption_private_bytes,647639040,645931008,650240000,bytes
cloud,prototype,render.steady_gpu_ms,0.17408,0.16384,0.175104,ms
cloud,prototype,render.steady_cpu_submit_ms,3.9951,3.97,4.006449999999999,ms
cloud,prototype,render.steady_frame_interval_ms,4.165699999999958,4.159600000000012,4.166900000000055,ms
cloud,prototype,render.navigation_gpu_ms,3.615744,3.442688,3.9045120000000004,ms
cloud,prototype,render.navigation_cpu_submit_ms,4.042,3.9621500000000003,4.0576,ms
cloud,prototype,render.navigation_frame_interval_ms,4.278150000000011,4.224000000000046,4.306150000000002,ms
bennu,legacy,timings.first_submitted_ms,7028.1367,6191.6433,7376.6903999999995,ms
bennu,legacy,timings.scene_commit_ms,7023.0046,6187.1141,7372.2491,ms
bennu,legacy,timings.cpu_batch_ms,6810.935,5977.6084,7160.15,ms
bennu,legacy,timings.gpu_finalize_wall_ms,209.64969999999994,208.1791000000003,210.4345000000003,ms
bennu,legacy,timings.upload_cpu_ms,166.32210000000003,161.9515,168.15739999999997,ms
bennu,legacy,timings.fully_prepared_ms,12120.8115,10501.0522,12370.2694,ms
bennu,legacy,timings.annotation_publish_after_commit_ms,4748.562399999999,4313.938099999999,5347.264799999999,ms
bennu,legacy,timings.load_response_ms,7040.574499987997,6214.019500010181,7377.715300011914,ms
bennu,legacy,timings.full_detail_observed_ms,7069.476100004977,6240.636600006837,7457.988500013016,ms
bennu,legacy,timings.preparation_settled_observed_ms,12161.813000013353,10549.219200009247,12424.350299988873,ms
bennu,legacy,timings.verified_image_ms,12688.273900013883,11036.848599993391,12926.305700006196,ms
bennu,legacy,timings.capture_ms,501.9538000051398,487.6288000086788,526.4600999944378,ms
bennu,legacy,timings.startup_ms,652.9431999952067,640.8679999876767,658.5009999980684,ms
bennu,legacy,phases.capacity_preflight,0.0408,0.0399,0.0416,ms
bennu,legacy,phases.parse,838.231,758.3298,1114.7702,ms
bennu,legacy,phases.legacy_freeform_reparse,0,0,0,ms
bennu,legacy,phases.freeform_resolve,0,0,0,ms
bennu,legacy,phases.mesh_validate,0.007,0.0059,0.007,ms
bennu,legacy,phases.source_adoption,109.9415,95.1781,121.5034,ms
bennu,legacy,phases.coordinate_localization,274.2701,227.5697,296.0572,ms
bennu,legacy,phases.triangulation,69.8245,64.763,89.9218,ms
bennu,legacy,phases.mesh_mapping,1589.9761,1420.4899,1630.02,ms
bennu,legacy,phases.normals,671.4898,568.292,690.4464,ms
bennu,legacy,phases.mesh_bounds,177.416,168.8341,203.5317,ms
bennu,legacy,phases.freeform_tessellation_append,0,0,0,ms
bennu,legacy,phases.ui_group_preparation,1478.9365,1340.2951,1493.4013,ms
bennu,legacy,phases.gpu_input_validation,93.392,85.3781,94.369,ms
bennu,legacy,phases.point_membership,368.9598,340.4166,371.6153,ms
bennu,legacy,phases.point_hierarchy,971.9762,843.4811,1043.5452,ms
bennu,legacy,phases.annotation_blocks_fingerprints,1394.3881,1219.91,1734.2891,ms
bennu,legacy,phases.annotation_spatial_index,2942.5275,2741.7543,3171.2629,ms
bennu,legacy,phases.annotation_snapshot_copy,402.5235,342.5192,433.2107,ms
bennu,legacy,memory.import_peak_commit_bytes,2934722560,2933592064,2935857152,bytes
bennu,legacy,memory.import_peak_working_set_bytes,2301145088,2300993536,2301255680,bytes
bennu,legacy,memory.prepared_private_bytes,2934665216,2933522432,2935812096,bytes
bennu,legacy,memory.lifecycle_peak_commit_bytes,3071410176,3070132224,3072479232,bytes
bennu,legacy,memory.copied_position_bytes,214404576,214404576,214404576,bytes
bennu,legacy,memory.source_adoption_private_bytes,1519337472,1519230976,1519759360,bytes
bennu,legacy,render.steady_gpu_ms,4.5589759999999995,4.524032,4.575232,ms
bennu,legacy,render.steady_cpu_submit_ms,4.87455,4.8479,4.88855,ms
bennu,legacy,render.steady_frame_interval_ms,5.031199999999984,5.024700000000038,5.0619,ms
bennu,legacy,render.navigation_gpu_ms,4.557824,4.525056,4.571136,ms
bennu,legacy,render.navigation_cpu_submit_ms,4.8058,4.7456499999999995,4.8347,ms
bennu,legacy,render.navigation_frame_interval_ms,5.026500000000006,5.022099999999995,5.057550000000006,ms
bennu,prototype_copy,timings.first_submitted_ms,6880.5779,6768.84,7106.6939,ms
bennu,prototype_copy,timings.scene_commit_ms,6875.9087,6763.9893,7102.5383999999995,ms
bennu,prototype_copy,timings.cpu_batch_ms,6662.7682,6555.9176,6890.485,ms
bennu,prototype_copy,timings.gpu_finalize_wall_ms,208.6185999999998,206.66879999999946,209.8708999999999,ms
bennu,prototype_copy,timings.upload_cpu_ms,167.50199999999992,162.8715,170.07139999999998,ms
bennu,prototype_copy,timings.fully_prepared_ms,11512.9931,11411.2317,11514.389599999999,ms
bennu,prototype_copy,timings.annotation_publish_after_commit_ms,4638.4809,4308.6933,4749.0037999999995,ms
bennu,prototype_copy,timings.load_response_ms,6923.605599993607,6767.499499983387,7105.74239998823,ms
bennu,prototype_copy,timings.full_detail_observed_ms,6954.0119000012055,6844.702799979132,7167.212500004098,ms
bennu,prototype_copy,timings.preparation_settled_observed_ms,11574.083799991058,11445.472799998242,11582.182400015881,ms
bennu,prototype_copy,timings.verified_image_ms,12079.08789999783,11962.04489999218,12096.000199991977,ms
bennu,prototype_copy,timings.capture_ms,516.5717999916524,496.904400002677,521.9151999917813,ms
bennu,prototype_copy,timings.startup_ms,642.1152999973856,613.1802999880165,642.2998000052758,ms
bennu,prototype_copy,phases.capacity_preflight,0.0341,0.0301,0.0386,ms
bennu,prototype_copy,phases.parse,869.979,829.678,1049.4236,ms
bennu,prototype_copy,phases.legacy_freeform_reparse,0,0,0,ms
bennu,prototype_copy,phases.freeform_resolve,0.0195,0.0191,0.0231,ms
bennu,prototype_copy,phases.mesh_validate,0.0071,0.0069,0.0079,ms
bennu,prototype_copy,phases.source_adoption,47.0344,47.0275,50.6325,ms
bennu,prototype_copy,phases.coordinate_localization,184.4938,175.1314,191.9036,ms
bennu,prototype_copy,phases.triangulation,68.4412,59.843,70.8857,ms
bennu,prototype_copy,phases.mesh_mapping,1605.8948,1581.5049,1665.7076,ms
bennu,prototype_copy,phases.normals,649.3076,625.3607,708.494,ms
bennu,prototype_copy,phases.mesh_bounds,179.1334,179.068,204.3451,ms
bennu,prototype_copy,phases.freeform_tessellation_append,0,0,0,ms
bennu,prototype_copy,phases.ui_group_preparation,1508.0785,1483.0551,1523.5177,ms
bennu,prototype_copy,phases.gpu_input_validation,109.6161,98.4915,155.6582,ms
bennu,prototype_copy,phases.point_membership,391.2451,373.4395,399.3891,ms
bennu,prototype_copy,phases.point_hierarchy,953.9749,885.0474,975.39,ms
bennu,prototype_copy,phases.annotation_blocks_fingerprints,1300.9118,1208.0757,1368.2699,ms
bennu,prototype_copy,phases.annotation_spatial_index,2925.8271,2753.3969,2991.2801,ms
bennu,prototype_copy,phases.annotation_snapshot_copy,381.3775,339.0393,402.6654,ms
bennu,prototype_copy,memory.import_peak_commit_bytes,2937696256,2936614912,2941902848,bytes
bennu,prototype_copy,memory.import_peak_working_set_bytes,2301943808,2300948480,2302459904,bytes
bennu,prototype_copy,memory.prepared_private_bytes,2937614336,2936569856,2941857792,bytes
bennu,prototype_copy,memory.lifecycle_peak_commit_bytes,3074363392,3073613824,3078459392,bytes
bennu,prototype_copy,memory.copied_position_bytes,214404576,214404576,214404576,bytes
bennu,prototype_copy,memory.source_adoption_private_bytes,1521672192,1519579136,1522126848,bytes
bennu,prototype_copy,render.steady_gpu_ms,4.524032,4.524032,4.560128,ms
bennu,prototype_copy,render.steady_cpu_submit_ms,4.8645,4.86025,4.9106,ms
bennu,prototype_copy,render.steady_frame_interval_ms,5.041499999999985,5.025800000000004,5.075500000000005,ms
bennu,prototype_copy,render.navigation_gpu_ms,4.559104,4.525056,4.562176,ms
bennu,prototype_copy,render.navigation_cpu_submit_ms,4.8397,4.7764500000000005,4.8515,ms
bennu,prototype_copy,render.navigation_frame_interval_ms,5.03265,5.02660000000003,5.087850000000003,ms
bennu,prototype,timings.first_submitted_ms,6702.691,6230.8385,7315.400299999999,ms
bennu,prototype,timings.scene_commit_ms,6698.5401,6226.192300000001,7310.362300000001,ms
bennu,prototype,timings.cpu_batch_ms,6486.3245,6019.0984,7099.9731,ms
bennu,prototype,timings.gpu_finalize_wall_ms,207.10820000000058,204.01200000000063,210.6307999999999,ms
bennu,prototype,timings.upload_cpu_ms,165.7794,162.11180000000002,165.87750000000003,ms
bennu,prototype,timings.fully_prepared_ms,11323.5345,10437.4752,11960.209799999999,ms
bennu,prototype,timings.annotation_publish_after_commit_ms,4624.9944000000005,4211.2829,4649.847499999999,ms
bennu,prototype,timings.load_response_ms,6703.975399985211,6232.146499998635,7347.945800021989,ms
bennu,prototype,timings.full_detail_observed_ms,6782.719499984523,6276.518499973463,7407.10609999951,ms
bennu,prototype,timings.preparation_settled_observed_ms,11374.1417999845,10474.394699995173,12005.954100022791,ms
bennu,prototype,timings.verified_image_ms,11873.745099990629,10964.902399980929,12516.03410000098,ms
bennu,prototype,timings.capture_ms,499.60310000460595,490.5068000080064,510.079500003485,ms
bennu,prototype,timings.startup_ms,635.1247999991756,625.2561000001151,660.1490000030026,ms
bennu,prototype,phases.capacity_preflight,0.0337,0.0316,0.0384,ms
bennu,prototype,phases.parse,846.8166,828.4199,868.2735,ms
bennu,prototype,phases.legacy_freeform_reparse,0,0,0,ms
bennu,prototype,phases.freeform_resolve,0.0219,0.0212,0.0243,ms
bennu,prototype,phases.mesh_validate,0.007,0.0069,0.0113,ms
bennu,prototype,phases.source_adoption,0.0026,0.0022,0.0042,ms
bennu,prototype,phases.coordinate_localization,178.7931,178.717,189.884,ms
bennu,prototype,phases.triangulation,62.0186,61.5972,79.7558,ms
bennu,prototype,phases.mesh_mapping,1583.6301,1518.7356,1586.2685,ms
bennu,prototype,phases.normals,616.3117,569.1881,671.4804,ms
bennu,prototype,phases.mesh_bounds,192.619,173.3845,197.5426,ms
bennu,prototype,phases.freeform_tessellation_append,0,0,0,ms
bennu,prototype,phases.ui_group_preparation,1472.8344,1345.2386,1708.4191,ms
bennu,prototype,phases.gpu_input_validation,115.4466,83.4148,211.4315,ms
bennu,prototype,phases.point_membership,371.3136,341.8815,471.0015,ms
bennu,prototype,phases.point_hierarchy,977.6567,868.3092,1060.2287,ms
bennu,prototype,phases.annotation_blocks_fingerprints,1328.4769,1242.7966,1337.2321,ms
bennu,prototype,phases.annotation_spatial_index,2889.6979,2611.9437,2896.521,ms
bennu,prototype,phases.annotation_snapshot_copy,398.9663,347.2054,407.9814,ms
bennu,prototype,memory.import_peak_commit_bytes,2939170816,2938314752,2939219968,bytes
bennu,prototype,memory.import_peak_working_set_bytes,2087059456,2086514688,2088144896,bytes
bennu,prototype,memory.prepared_private_bytes,2939105280,2938277888,2939166720,bytes
bennu,prototype,memory.lifecycle_peak_commit_bytes,3075756032,3075022848,3075760128,bytes
bennu,prototype,memory.copied_position_bytes,0,0,0,bytes
bennu,prototype,memory.source_adoption_private_bytes,1306124288,1305001984,1307701248,bytes
bennu,prototype,render.steady_gpu_ms,4.52608,4.525056,4.560896,ms
bennu,prototype,render.steady_cpu_submit_ms,4.8888,4.8661,4.899150000000001,ms
bennu,prototype,render.steady_frame_interval_ms,5.048599999999993,5.03264999999999,5.049999999999983,ms
bennu,prototype,render.navigation_gpu_ms,4.56192,4.523008,4.56192,ms
bennu,prototype,render.navigation_cpu_submit_ms,4.78175,4.7699,4.7944,ms
bennu,prototype,render.navigation_frame_interval_ms,5.02879999999999,5.000799999999998,5.064399999999976,ms
powerplant,legacy,timings.first_submitted_ms,6591.664400000001,6057.6259,6966.3580999999995,ms
powerplant,legacy,timings.scene_commit_ms,6587.4541,6053.2961000000005,6962.2492999999995,ms
powerplant,legacy,timings.cpu_batch_ms,6344.3679,5818.3525,6720.3486,ms
powerplant,legacy,timings.gpu_finalize_wall_ms,237.4323999999997,232.03909999999996,239.66010000000006,ms
powerplant,legacy,timings.upload_cpu_ms,191.68860000000004,191.64600000000002,195.3904000000001,ms
powerplant,legacy,timings.fully_prepared_ms,9552.0911,8333.912999999999,9823.719299999999,ms
powerplant,legacy,timings.annotation_publish_after_commit_ms,2589.8418,2280.616899999999,3236.2652,ms
powerplant,legacy,timings.load_response_ms,6638.167700002668,6057.425999984844,6984.396800020477,ms
powerplant,legacy,timings.full_detail_observed_ms,6687.884400016628,6077.805499982787,7045.0502000167035,ms
powerplant,legacy,timings.preparation_settled_observed_ms,9590.848599997116,8371.389100007946,9892.669199994998,ms
powerplant,legacy,timings.verified_image_ms,10111.15609999979,8855.427100002998,10386.042900005123,ms
powerplant,legacy,timings.capture_ms,493.3733999787364,484.03709998819977,520.3075000026729,ms
powerplant,legacy,timings.startup_ms,622.6882000046317,600.9424999938346,643.4919000021182,ms
powerplant,legacy,phases.capacity_preflight,0.0396,0.0365,0.0463,ms
powerplant,legacy,phases.parse,893.3006,750.2555,1119.1613,ms
powerplant,legacy,phases.legacy_freeform_reparse,0,0,0,ms
powerplant,legacy,phases.freeform_resolve,0,0,0,ms
powerplant,legacy,phases.mesh_validate,0.0061,0.0055,0.0083,ms
powerplant,legacy,phases.source_adoption,59.5105,55.124,70.0626,ms
powerplant,legacy,phases.coordinate_localization,163.3903,151.7055,209.8267,ms
powerplant,legacy,phases.triangulation,46.026,39.2803,46.1431,ms
powerplant,legacy,phases.mesh_mapping,3111.9088,2770.169,3134.5469,ms
powerplant,legacy,phases.normals,43.9453,37.6612,44.1693,ms
powerplant,legacy,phases.mesh_bounds,226.0135,209.8119,240.0614,ms
powerplant,legacy,phases.freeform_tessellation_append,0,0,0,ms
powerplant,legacy,phases.ui_group_preparation,582.659,515.8976,632.4536,ms
powerplant,legacy,phases.gpu_input_validation,67.3369,59.7881,71.7374,ms
powerplant,legacy,phases.point_membership,116.8161,104.8402,129.5649,ms
powerplant,legacy,phases.point_hierarchy,1036.3903,923.8404,1043.5983,ms
powerplant,legacy,phases.annotation_blocks_fingerprints,628.4783,557.5726,743.9062,ms
powerplant,legacy,phases.annotation_spatial_index,1591.7849,1392.4903,2076.7182,ms
powerplant,legacy,phases.annotation_snapshot_copy,361.7284,324.1596,410.4917,ms
powerplant,legacy,memory.import_peak_commit_bytes,3017093120,3016224768,3017535488,bytes
powerplant,legacy,memory.import_peak_working_set_bytes,2182664192,2182316032,2183438336,bytes
powerplant,legacy,memory.prepared_private_bytes,3017019392,3016138752,3017523200,bytes
powerplant,legacy,memory.lifecycle_peak_commit_bytes,3153707008,3152764928,3154132992,bytes
powerplant,legacy,memory.copied_position_bytes,143617992,143617992,143617992,bytes
powerplant,legacy,memory.source_adoption_private_bytes,1156923392,1155538944,1158983680,bytes
powerplant,legacy,render.steady_gpu_ms,2.658304,2.65728,2.659328,ms
powerplant,legacy,render.steady_cpu_submit_ms,3.9913,3.9885,4.000400000000001,ms
powerplant,legacy,render.steady_frame_interval_ms,4.163999999999987,4.160750000000007,4.165700000000015,ms
powerplant,legacy,render.navigation_gpu_ms,2.663424,2.65728,2.669696,ms
powerplant,legacy,render.navigation_cpu_submit_ms,3.9201,3.8911,3.9560500000000003,ms
powerplant,legacy,render.navigation_frame_interval_ms,4.16659999999996,4.16089999999997,4.166999999999973,ms
powerplant,prototype_copy,timings.first_submitted_ms,6467.825699999999,6005.9611,6609.2855,ms
powerplant,prototype_copy,timings.scene_commit_ms,6463.592000000001,6001.712500000001,6605.1759,ms
powerplant,prototype_copy,timings.cpu_batch_ms,6223.7133,5766.5184,6363.334,ms
powerplant,prototype_copy,timings.gpu_finalize_wall_ms,238.5046000000002,233.26610000000073,240.7451000000001,ms
powerplant,prototype_copy,timings.upload_cpu_ms,192.98160000000001,192.28890000000004,193.22729999999999,ms
powerplant,prototype_copy,timings.fully_prepared_ms,8964.446899999999,8264.9069,9162.6463,ms
powerplant,prototype_copy,timings.annotation_publish_after_commit_ms,2500.8548999999994,2263.1943999999994,2557.4704,ms
powerplant,prototype_copy,timings.load_response_ms,6467.088799981866,6021.434499998577,6608.555200014962,ms
powerplant,prototype_copy,timings.full_detail_observed_ms,6496.767099975841,6064.457200001925,6650.323700014269,ms
powerplant,prototype_copy,timings.preparation_settled_observed_ms,8988.47109999042,8340.051000006497,9182.563400012441,ms
powerplant,prototype_copy,timings.verified_image_ms,9489.880399982212,8824.366300017573,9683.79820001428,ms
powerplant,prototype_copy,timings.capture_ms,501.2346000003163,484.3146000057459,501.40909999026917,ms
powerplant,prototype_copy,timings.startup_ms,622.4750999826938,601.2123999826144,679.582799988566,ms
powerplant,prototype_copy,phases.capacity_preflight,0.036,0.0302,0.0388,ms
powerplant,prototype_copy,phases.parse,765.0028,737.8045,846.3164,ms
powerplant,prototype_copy,phases.legacy_freeform_reparse,0,0,0,ms
powerplant,prototype_copy,phases.freeform_resolve,0.0468,0.0437,0.0472,ms
powerplant,prototype_copy,phases.mesh_validate,0.0038,0.0036,0.0042,ms
powerplant,prototype_copy,phases.source_adoption,27.9093,27.4663,33.2004,ms
powerplant,prototype_copy,phases.coordinate_localization,120.3426,115.5897,128.38,ms
powerplant,prototype_copy,phases.triangulation,64.351,39.2301,66.2551,ms
powerplant,prototype_copy,phases.mesh_mapping,3138.9247,2805.7267,3198.7388,ms
powerplant,prototype_copy,phases.normals,41.2459,37.4113,41.9581,ms
powerplant,prototype_copy,phases.mesh_bounds,223.2344,212.4428,250.3608,ms
powerplant,prototype_copy,phases.freeform_tessellation_append,0,0,0,ms
powerplant,prototype_copy,phases.ui_group_preparation,574.5488,537.8783,598.9256,ms
powerplant,prototype_copy,phases.gpu_input_validation,71.2508,60.1539,72.9675,ms
powerplant,prototype_copy,phases.point_membership,116.9765,100.4179,118.0016,ms
powerplant,prototype_copy,phases.point_hierarchy,1024.8649,927.7343,1031.7398,ms
powerplant,prototype_copy,phases.annotation_blocks_fingerprints,593.1766,543.9856,630.2986,ms
powerplant,prototype_copy,phases.annotation_spatial_index,1557.1492,1384.1334,1563.1099,ms
powerplant,prototype_copy,phases.annotation_snapshot_copy,344.3501,330.2875,356.7753,ms
powerplant,prototype_copy,memory.import_peak_commit_bytes,3019374592,3017936896,3021271040,bytes
powerplant,prototype_copy,memory.import_peak_working_set_bytes,2193051648,2192793600,2194808832,bytes
powerplant,prototype_copy,memory.prepared_private_bytes,3019284480,3017871360,3021209600,bytes
powerplant,prototype_copy,memory.lifecycle_peak_commit_bytes,3155881984,3154497536,3157848064,bytes
powerplant,prototype_copy,memory.copied_position_bytes,143617992,143617992,143617992,bytes
powerplant,prototype_copy,memory.source_adoption_private_bytes,1168285696,1167118336,1169338368,bytes
powerplant,prototype_copy,render.steady_gpu_ms,2.659328,2.658304,2.659328,ms
powerplant,prototype_copy,render.steady_cpu_submit_ms,4.0121,4.0056,4.0133,ms
powerplant,prototype_copy,render.steady_frame_interval_ms,4.166499999999985,4.162050000000022,4.168900000000008,ms
powerplant,prototype_copy,render.navigation_gpu_ms,2.66048,2.65792,2.662016,ms
powerplant,prototype_copy,render.navigation_cpu_submit_ms,3.92805,3.9102,3.9409,ms
powerplant,prototype_copy,render.navigation_frame_interval_ms,4.161000000000001,4.160400000000003,4.169700000000006,ms
powerplant,prototype,timings.first_submitted_ms,6510.0269,6076.199,7177.3249000000005,ms
powerplant,prototype,timings.scene_commit_ms,6505.9404,6071.6407,7172.702200000001,ms
powerplant,prototype,timings.cpu_batch_ms,6272.326,5831.1587,6931.9369,ms
powerplant,prototype,timings.gpu_finalize_wall_ms,236.2474000000002,232.78540000000066,236.5622000000003,ms
powerplant,prototype,timings.upload_cpu_ms,193.1274999999999,192.35690000000008,194.15859999999998,ms
powerplant,prototype,timings.fully_prepared_ms,9038.380099999998,8321.8487,9761.4918,ms
powerplant,prototype,timings.annotation_publish_after_commit_ms,2532.439699999999,2250.2079999999996,2588.789599999999,ms
powerplant,prototype,timings.load_response_ms,6521.2765999895055,6076.103700004751,7175.753200019244,ms
powerplant,prototype,timings.full_detail_observed_ms,6539.538299984997,6092.6010000112,7211.107300012372,ms
powerplant,prototype,timings.preparation_settled_observed_ms,9066.166699980386,8338.931400008732,9802.129400020931,ms
powerplant,prototype,timings.verified_image_ms,9556.59189997823,8827.684699994279,10311.6149000125,ms
powerplant,prototype,timings.capture_ms,490.4253999993671,488.75250000855885,509.4843999831937,ms
powerplant,prototype,timings.startup_ms,646.1729999864474,642.2191000019666,676.5072999987751,ms
powerplant,prototype,phases.capacity_preflight,0.0336,0.0314,0.0352,ms
powerplant,prototype,phases.parse,742.6254,736.4872,753.6069,ms
powerplant,prototype,phases.legacy_freeform_reparse,0,0,0,ms
powerplant,prototype,phases.freeform_resolve,0.0533,0.0416,0.0551,ms
powerplant,prototype,phases.mesh_validate,0.0042,0.0035,0.0043,ms
powerplant,prototype,phases.source_adoption,0.0023,0.0021,0.0024,ms
powerplant,prototype,phases.coordinate_localization,116.4842,115.8433,116.9853,ms
powerplant,prototype,phases.triangulation,39.8525,39.3783,41.7025,ms
powerplant,prototype,phases.mesh_mapping,3193.0083,2902.6739,3688.8312,ms
powerplant,prototype,phases.normals,50.3122,39.3798,68.4244,ms
powerplant,prototype,phases.mesh_bounds,226.8166,212.1683,257.6335,ms
powerplant,prototype,phases.freeform_tessellation_append,0,0,0,ms
powerplant,prototype,phases.ui_group_preparation,584.0168,563.2208,740.4101,ms
powerplant,prototype,phases.gpu_input_validation,69.3731,61.9244,93.0382,ms
powerplant,prototype,phases.point_membership,115.075,102.6464,142.1135,ms
powerplant,prototype,phases.point_hierarchy,1008.9681,988.9315,1056.3026,ms
powerplant,prototype,phases.annotation_blocks_fingerprints,612.9946,542.9298,613.5573,ms
powerplant,prototype,phases.annotation_spatial_index,1558.5442,1380.7576,1576.3387,ms
powerplant,prototype,phases.annotation_snapshot_copy,353.9863,318.7215,390.3399,ms
powerplant,prototype,memory.import_peak_commit_bytes,3020218368,3017732096,3023826944,bytes
powerplant,prototype,memory.import_peak_working_set_bytes,2049437696,2049392640,2049478656,bytes
powerplant,prototype,memory.prepared_private_bytes,3020165120,3017682944,3023740928,bytes
powerplant,prototype,memory.lifecycle_peak_commit_bytes,3156779008,3154321408,3160694784,bytes
powerplant,prototype,memory.copied_position_bytes,0,0,0,bytes
powerplant,prototype,memory.source_adoption_private_bytes,1024323584,1023492096,1025564672,bytes
powerplant,prototype,render.steady_gpu_ms,2.659328,2.65856,2.659328,ms
powerplant,prototype,render.steady_cpu_submit_ms,3.99345,3.99115,4.00385,ms
powerplant,prototype,render.steady_frame_interval_ms,4.164699999999982,4.163400000000024,4.168700000000058,ms
powerplant,prototype,render.navigation_gpu_ms,2.662016,2.65792,2.6649599999999998,ms
powerplant,prototype,render.navigation_cpu_submit_ms,3.90845,3.8911499999999997,3.9402999999999997,ms
powerplant,prototype,render.navigation_frame_interval_ms,4.1577000000000055,4.152999999999963,4.161300000000011,ms
