workload,parts,min_ms,median_ms,max_ms,checksum
inspector,16,0.0340933,0.03438,0.0348233,23.36
document,16,0.0207633,0.0209867,0.0228233,67
signature,16,0.00871433,0.00876033,0.00895,8334550072219194124
inspector,256,0.465793,0.467317,0.471053,23.36
document,256,0.50294,0.540397,0.585623,1027
signature,256,0.137658,0.139181,0.144325,2164604393923273520
inspector,4096,61.5751,62.1542,63.1322,23.36
document,4096,6.15707,6.97383,8.0288,16387
signature,4096,2.8679,3.10856,3.79267,3714854271548862928
