evidence,model,suite,status,scenario,fps,sampled_gpu_median_ms,peak_private_bytes,note
analysis-display/analysis-display-san-miguel-r0,san-miguel.obj,analysis-display,completed,diagnostics_pane_True,12.422997312871013,23.026688,15006060544,
analysis-display/analysis-display-san-miguel-r0,san-miguel.obj,analysis-display,completed,diagnostics_pane_False,12.582967368205233,23.753216000000002,15006060544,
analysis-display/analysis-display-san-miguel-r0,san-miguel.obj,analysis-display,completed,overlay_no_overlays_pane_True,12.126136526907139,21.115904,15006060544,
analysis-display/analysis-display-san-miguel-r0,san-miguel.obj,analysis-display,completed,overlay_no_overlays_pane_False,12.3962040654133,21.088256,15006060544,
analysis-display/analysis-display-san-miguel-r0,san-miguel.obj,analysis-display,completed,surface_quality_no_overlays_pane_True,18.144211341723352,11.240448,15006060544,
analysis-display/analysis-display-san-miguel-r0,san-miguel.obj,analysis-display,completed,surface_quality_no_overlays_pane_False,18.225020454738985,16.992256,15006060544,
analysis-display/analysis-display-uploads_files_2720101_BusGameMap-r0,uploads_files_2720101_BusGameMap.obj,analysis-display,completed,diagnostics_pane_True,238.19927304559613,0.779264,1935814656,
analysis-display/analysis-display-uploads_files_2720101_BusGameMap-r0,uploads_files_2720101_BusGameMap.obj,analysis-display,completed,diagnostics_pane_False,236.97441039933878,0.780288,1935814656,
analysis-display/analysis-display-uploads_files_2720101_BusGameMap-r0,uploads_files_2720101_BusGameMap.obj,analysis-display,completed,overlay_no_overlays_pane_True,238.5027192591856,0.724992,1935814656,
analysis-display/analysis-display-uploads_files_2720101_BusGameMap-r0,uploads_files_2720101_BusGameMap.obj,analysis-display,completed,overlay_no_overlays_pane_False,231.95000769194965,0.7321599999999999,1935814656,
analysis-display/analysis-display-uploads_files_2720101_BusGameMap-r0,uploads_files_2720101_BusGameMap.obj,analysis-display,completed,surface_quality_no_overlays_pane_True,237.1278215050358,0.976896,1935814656,
analysis-display/analysis-display-uploads_files_2720101_BusGameMap-r0,uploads_files_2720101_BusGameMap.obj,analysis-display,completed,surface_quality_no_overlays_pane_False,239.29409195044835,0.989184,1935814656,
annotations/annotation-bennu_OLA_v21_PTM_very-high-r0,bennu_OLA_v21_PTM_very-high.obj,annotation,completed,annotations,162.14740343052324,5.676672,5941915648,
annotations/annotation-uploads_files_2720101_BusGameMap-r0,uploads_files_2720101_BusGameMap.obj,annotation,completed,annotations,240.01285502813727,0.654336,997441536,
batch-bus8/batch-uploads_files_2720101_BusGameMap-r0,uploads_files_2720101_BusGameMap.obj,batch,completed,flat_pane_visible,240.05386992294228,1.682432,1838768128,
batch-bus8/batch-uploads_files_2720101_BusGameMap-r0,uploads_files_2720101_BusGameMap.obj,batch,completed,flat_pane_hidden,239.96321925482746,1.896064,1838768128,
batch-bus8/batch-uploads_files_2720101_BusGameMap-r0,uploads_files_2720101_BusGameMap.obj,batch,completed,tree_pane_visible,239.62170023291657,1.68448,1838768128,
batch-bus8/batch-uploads_files_2720101_BusGameMap-r0,uploads_files_2720101_BusGameMap.obj,batch,completed,tree_pane_hidden,238.6909178660976,1.89952,1838768128,
batch-keycap256/batch-SA_Row3-r0,SA_Row3.obj,batch,completed,flat_pane_visible,145.02125117151897,2.287616,1045053440,
batch-keycap256/batch-SA_Row3-r0,SA_Row3.obj,batch,completed,flat_pane_hidden,174.97474694824652,3.285632,1045053440,
batch-keycap256/batch-SA_Row3-r0,SA_Row3.obj,batch,completed,tree_pane_visible,150.83413535614628,2.276992,1045053440,
batch-keycap256/batch-SA_Row3-r0,SA_Row3.obj,batch,completed,tree_pane_hidden,172.4005543188477,3.301376,1045053440,
cloud-repeats/render-semantic3d_sg27_station8_100000000_xyz_points-r0,semantic3d_sg27_station8_100000000_xyz_points.obj,render,completed,default_pane,2.35238338485712,421.659648,16722321408,
cloud-repeats/render-semantic3d_sg27_station8_100000000_xyz_points-r0,semantic3d_sg27_station8_100000000_xyz_points.obj,render,completed,points_default,2.4269007525692445,408.482816,16722321408,
cloud-repeats/render-semantic3d_sg27_station8_100000000_xyz_points-r0,semantic3d_sg27_station8_100000000_xyz_points.obj,render,completed,orbit,2.430676350884177,414.79232,16722321408,
cloud-repeats/render-semantic3d_sg27_station8_100000000_xyz_points-r0,semantic3d_sg27_station8_100000000_xyz_points.obj,render,completed,pan,2.358756088358029,427.819008,16722321408,
cloud-repeats/render-semantic3d_sg27_station8_100000000_xyz_points-r0,semantic3d_sg27_station8_100000000_xyz_points.obj,render,completed,dolly,2.3720069899340737,425.357312,16722321408,
cloud-repeats/render-semantic3d_sg27_station8_100000000_xyz_points-r0,semantic3d_sg27_station8_100000000_xyz_points.obj,render,completed,vertices_1px,5.884668335640141,168.186496,16722321408,
cloud-repeats/render-semantic3d_sg27_station8_100000000_xyz_points-r0,semantic3d_sg27_station8_100000000_xyz_points.obj,render,completed,vertices_8px,0.9699841132127757,1021.946496,16722321408,
cloud-repeats/render-semantic3d_sg27_station8_100000000_xyz_points-r0,semantic3d_sg27_station8_100000000_xyz_points.obj,render,completed,transparent_points,0.9571546289140626,1036.208256,16722321408,
cloud-repeats/render-semantic3d_sg27_station8_100000000_xyz_points-r0,semantic3d_sg27_station8_100000000_xyz_points.obj,render,completed,hidden,239.9788097363513,0.3712,16722321408,
cloud-repeats/render-semantic3d_sg27_station8_100000000_xyz_points-r1,semantic3d_sg27_station8_100000000_xyz_points.obj,render,completed,default_pane,2.352305243599605,421.68832,16720437248,
cloud-repeats/render-semantic3d_sg27_station8_100000000_xyz_points-r1,semantic3d_sg27_station8_100000000_xyz_points.obj,render,completed,points_default,2.4250437384811647,409.028608,16720437248,
cloud-repeats/render-semantic3d_sg27_station8_100000000_xyz_points-r1,semantic3d_sg27_station8_100000000_xyz_points.obj,render,completed,orbit,2.429699613723833,414.527488,16720437248,
cloud-repeats/render-semantic3d_sg27_station8_100000000_xyz_points-r1,semantic3d_sg27_station8_100000000_xyz_points.obj,render,completed,pan,2.345632278278407,430.364672,16720437248,
cloud-repeats/render-semantic3d_sg27_station8_100000000_xyz_points-r1,semantic3d_sg27_station8_100000000_xyz_points.obj,render,completed,dolly,2.368253066921302,424.77081599999997,16720437248,
cloud-repeats/render-semantic3d_sg27_station8_100000000_xyz_points-r1,semantic3d_sg27_station8_100000000_xyz_points.obj,render,completed,vertices_1px,5.885397224714507,168.142336,16720437248,
cloud-repeats/render-semantic3d_sg27_station8_100000000_xyz_points-r1,semantic3d_sg27_station8_100000000_xyz_points.obj,render,completed,vertices_8px,0.9703944492358026,1021.941376,16720437248,
cloud-repeats/render-semantic3d_sg27_station8_100000000_xyz_points-r1,semantic3d_sg27_station8_100000000_xyz_points.obj,render,completed,transparent_points,0.9567117953353744,1036.639616,16720437248,
cloud-repeats/render-semantic3d_sg27_station8_100000000_xyz_points-r1,semantic3d_sg27_station8_100000000_xyz_points.obj,render,completed,hidden,239.9898273870306,0.367104,16720437248,
cloud-repeats/render-semantic3d_sg27_station8_10000000_xyz_points-r0,semantic3d_sg27_station8_10000000_xyz_points.obj,render,completed,default_pane,22.319438012001854,44.3648,2347507712,
cloud-repeats/render-semantic3d_sg27_station8_10000000_xyz_points-r0,semantic3d_sg27_station8_10000000_xyz_points.obj,render,completed,points_default,23.39824277164162,42.157312,2347507712,
cloud-repeats/render-semantic3d_sg27_station8_10000000_xyz_points-r0,semantic3d_sg27_station8_10000000_xyz_points.obj,render,completed,orbit,24.597483722604323,41.013632,2347507712,
cloud-repeats/render-semantic3d_sg27_station8_10000000_xyz_points-r0,semantic3d_sg27_station8_10000000_xyz_points.obj,render,completed,pan,23.860129686089074,41.079808,2347507712,
cloud-repeats/render-semantic3d_sg27_station8_10000000_xyz_points-r0,semantic3d_sg27_station8_10000000_xyz_points.obj,render,completed,dolly,23.905696337692774,41.009664,2347507712,
cloud-repeats/render-semantic3d_sg27_station8_10000000_xyz_points-r0,semantic3d_sg27_station8_10000000_xyz_points.obj,render,completed,vertices_1px,62.839567844476406,15.377664,2347507712,
cloud-repeats/render-semantic3d_sg27_station8_10000000_xyz_points-r0,semantic3d_sg27_station8_10000000_xyz_points.obj,render,completed,vertices_8px,9.125327861184228,108.13696,2347507712,
cloud-repeats/render-semantic3d_sg27_station8_10000000_xyz_points-r0,semantic3d_sg27_station8_10000000_xyz_points.obj,render,completed,transparent_points,10.798202632427259,91.370752,2347507712,
cloud-repeats/render-semantic3d_sg27_station8_10000000_xyz_points-r0,semantic3d_sg27_station8_10000000_xyz_points.obj,render,completed,hidden,239.5456137421385,0.39372799999999997,2347507712,
cloud-repeats/render-semantic3d_sg27_station8_10000000_xyz_points-r1,semantic3d_sg27_station8_10000000_xyz_points.obj,render,completed,default_pane,22.098445258854753,44.608512,2321485824,
cloud-repeats/render-semantic3d_sg27_station8_10000000_xyz_points-r1,semantic3d_sg27_station8_10000000_xyz_points.obj,render,completed,points_default,23.376266378977736,42.025472,2321485824,
cloud-repeats/render-semantic3d_sg27_station8_10000000_xyz_points-r1,semantic3d_sg27_station8_10000000_xyz_points.obj,render,completed,orbit,24.497677688669825,41.061376,2321485824,
cloud-repeats/render-semantic3d_sg27_station8_10000000_xyz_points-r1,semantic3d_sg27_station8_10000000_xyz_points.obj,render,completed,pan,23.7647974906565,41.316863999999995,2321485824,
cloud-repeats/render-semantic3d_sg27_station8_10000000_xyz_points-r1,semantic3d_sg27_station8_10000000_xyz_points.obj,render,completed,dolly,23.662188130484225,41.419776,2321485824,
cloud-repeats/render-semantic3d_sg27_station8_10000000_xyz_points-r1,semantic3d_sg27_station8_10000000_xyz_points.obj,render,completed,vertices_1px,62.15385662831866,15.50336,2321485824,
cloud-repeats/render-semantic3d_sg27_station8_10000000_xyz_points-r1,semantic3d_sg27_station8_10000000_xyz_points.obj,render,completed,vertices_8px,8.976789840844754,109.989376,2321485824,
cloud-repeats/render-semantic3d_sg27_station8_10000000_xyz_points-r1,semantic3d_sg27_station8_10000000_xyz_points.obj,render,completed,transparent_points,10.712284083931811,92.109312,2321485824,
cloud-repeats/render-semantic3d_sg27_station8_10000000_xyz_points-r1,semantic3d_sg27_station8_10000000_xyz_points.obj,render,completed,hidden,239.63935190134612,0.39936,2321485824,
comparison-matrix/comparison-BeTSSi_mod_NURBS-r0,BeTSSi_mod_NURBS.obj,comparison,completed,comparison_distance,189.2664695090322,0.95232,1427357696,
comparison-matrix/comparison-BeTSSi_mod_NURBS-r0,BeTSSi_mod_NURBS.obj,comparison,completed,comparison_overlay,230.66775090554597,0.7372799999999999,1427357696,
comparison-matrix/comparison-BeTSSi_mod_NURBS-r0,BeTSSi_mod_NURBS.obj,comparison,completed,comparison_a,218.5389695549624,0.603136,1427357696,
comparison-matrix/comparison-BeTSSi_mod_NURBS-r0,BeTSSi_mod_NURBS.obj,comparison,completed,comparison_b,235.72670195902774,0.581632,1427357696,
comparison-matrix/comparison-BeTSSi_mod_NURBS-r0,BeTSSi_mod_NURBS.obj,comparison,completed,comparison_surface_quality,235.79300047761677,0.60928,1427357696,
comparison-matrix/comparison-uploads_files_2720101_BusGameMap-r0,uploads_files_2720101_BusGameMap.obj,comparison,completed,comparison_distance,92.56391180471668,3.038208,4249882624,
comparison-matrix/comparison-uploads_files_2720101_BusGameMap-r0,uploads_files_2720101_BusGameMap.obj,comparison,completed,comparison_overlay,237.85790012942152,1.447168,4249882624,
comparison-matrix/comparison-uploads_files_2720101_BusGameMap-r0,uploads_files_2720101_BusGameMap.obj,comparison,completed,comparison_a,235.16770231771963,0.694272,4249882624,
comparison-matrix/comparison-uploads_files_2720101_BusGameMap-r0,uploads_files_2720101_BusGameMap.obj,comparison,completed,comparison_b,239.44559166819434,0.786432,4249882624,
comparison-matrix/comparison-uploads_files_2720101_BusGameMap-r0,uploads_files_2720101_BusGameMap.obj,comparison,completed,comparison_surface_quality,239.8324793781852,0.9856,4249882624,
concurrent/concurrent-san-miguel-r0,san-miguel.obj,concurrent,process_private_limit,three_analyses_pending,8.514276419416502,22.289408,41098350592,
concurrent/concurrent-uploads_files_2720101_BusGameMap-r0,uploads_files_2720101_BusGameMap.obj,concurrent,completed,three_analyses_pending,220.34059533592537,0.988672,5455773696,
concurrent/concurrent-uploads_files_2720101_BusGameMap-r0,uploads_files_2720101_BusGameMap.obj,concurrent,completed,three_analyses_ready,85.27105002086623,3.03616,5455773696,
concurrent/concurrent-uploads_files_2720101_BusGameMap-r0,uploads_files_2720101_BusGameMap.obj,concurrent,completed,after_analysis_delete,240.6143053089075,0.708608,5455773696,
controls/controls-20190810_BearTrap_Ground_Model-r0,20190810_BearTrap_Ground_Model.obj,controls,completed,near,60.28130951259339,15.931392,13754470400,
controls/controls-20190810_BearTrap_Ground_Model-r0,20190810_BearTrap_Ground_Model.obj,controls,completed,far,59.1751612210853,16.238847999999997,13754470400,
controls/controls-20190810_BearTrap_Ground_Model-r0,20190810_BearTrap_Ground_Model.obj,controls,completed,roll,58.800421644208996,16.396288,13754470400,
controls/controls-20190810_BearTrap_Ground_Model-r0,20190810_BearTrap_Ground_Model.obj,controls,completed,move,58.74340141644205,16.404736,13754470400,
controls/controls-20190810_BearTrap_Ground_Model-r0,20190810_BearTrap_Ground_Model.obj,controls,completed,helpers,57.95657104769944,16.574976,13754470400,
controls/controls-semantic3d_sg27_station8_100000000_xyz_points-r0,semantic3d_sg27_station8_100000000_xyz_points.obj,controls,completed,near,2.3766122343243556,415.58732799999996,16716812288,
controls/controls-semantic3d_sg27_station8_100000000_xyz_points-r0,semantic3d_sg27_station8_100000000_xyz_points.obj,controls,completed,far,2.6477991559569927,372.873216,16716812288,
controls/controls-semantic3d_sg27_station8_100000000_xyz_points-r0,semantic3d_sg27_station8_100000000_xyz_points.obj,controls,completed,roll,2.2852687816325035,433.705216,16716812288,
controls/controls-semantic3d_sg27_station8_100000000_xyz_points-r0,semantic3d_sg27_station8_100000000_xyz_points.obj,controls,completed,move,1.9559630292284924,505.46022400000004,16716812288,
controls/controls-semantic3d_sg27_station8_100000000_xyz_points-r0,semantic3d_sg27_station8_100000000_xyz_points.obj,controls,completed,helpers,2.365080873809983,417.64761599999997,16716812288,
controls/controls-tubes_as_nurbs-r0,tubes_as_nurbs.obj,controls,completed,near,239.9172001780438,0.764928,867110912,
controls/controls-tubes_as_nurbs-r0,tubes_as_nurbs.obj,controls,completed,far,240.0016860875476,0.723456,867110912,
controls/controls-tubes_as_nurbs-r0,tubes_as_nurbs.obj,controls,completed,roll,239.5075987071671,0.72704,867110912,
controls/controls-tubes_as_nurbs-r0,tubes_as_nurbs.obj,controls,completed,move,239.32687179103607,0.7306239999999999,867110912,
controls/controls-tubes_as_nurbs-r0,tubes_as_nurbs.obj,controls,completed,helpers,239.285517523725,0.746496,867110912,
controls/controls-tubes_as_nurbs-r0,tubes_as_nurbs.obj,controls,completed,wide_lines_depth_True,239.47225828813978,0.751616,867110912,
controls/controls-tubes_as_nurbs-r0,tubes_as_nurbs.obj,controls,completed,wide_lines_depth_False,238.9811025443237,0.75264,867110912,
derived-render/render-SA_Row3_x00500-r0,SA_Row3_x00500.obj,render,completed,default_pane,94.78886131514099,2.422272,1338019840,
derived-render/render-SA_Row3_x00500-r0,SA_Row3_x00500.obj,render,completed,solid,97.84137958047869,2.33472,1338019840,
derived-render/render-SA_Row3_x00500-r0,SA_Row3_x00500.obj,render,completed,orbit,101.52291903480472,2.187264,1338019840,
derived-render/render-SA_Row3_x00500-r0,SA_Row3_x00500.obj,render,completed,pan,102.12055491539299,2.230272,1338019840,
derived-render/render-SA_Row3_x00500-r0,SA_Row3_x00500.obj,render,completed,dolly,101.72812770961934,2.233344,1338019840,
derived-render/render-SA_Row3_x00500-r0,SA_Row3_x00500.obj,render,completed,edges,93.50070976696169,2.700288,1338019840,
derived-render/render-SA_Row3_x00500-r0,SA_Row3_x00500.obj,render,completed,vertices,83.65576913346675,3.277824,1338019840,
derived-render/render-SA_Row3_x00500-r0,SA_Row3_x00500.obj,render,completed,combined,30.953018709042507,10.196992,1338019840,
derived-render/render-SA_Row3_x00500-r0,SA_Row3_x00500.obj,render,completed,vertices_1px,83.44788605978466,2.610176,1338019840,
derived-render/render-SA_Row3_x00500-r0,SA_Row3_x00500.obj,render,completed,vertices_8px,85.55760428327174,5.059584,1338019840,
derived-render/render-SA_Row3_x00500-r0,SA_Row3_x00500.obj,render,completed,transparent,96.67923488304521,1.804288,1338019840,
derived-render/render-SA_Row3_x00500-r0,SA_Row3_x00500.obj,render,completed,hidden,239.94503883117153,0.499712,1338019840,
derived-render/render-scared_c_finite_vertices-r0,scared_c_finite_vertices.obj,render,completed,default_pane,239.51316372434246,1.396736,1200013312,
derived-render/render-scared_c_finite_vertices-r0,scared_c_finite_vertices.obj,render,completed,points_default,239.57491332552488,1.307264,1200013312,
derived-render/render-scared_c_finite_vertices-r0,scared_c_finite_vertices.obj,render,completed,orbit,239.69517845417013,1.459456,1200013312,
derived-render/render-scared_c_finite_vertices-r0,scared_c_finite_vertices.obj,render,completed,pan,239.8207607259027,1.4905599999999999,1200013312,
derived-render/render-scared_c_finite_vertices-r0,scared_c_finite_vertices.obj,render,completed,dolly,240.09118314726288,1.48992,1200013312,
derived-render/render-scared_c_finite_vertices-r0,scared_c_finite_vertices.obj,render,completed,vertices_1px,240.70315370446738,1.181696,1200013312,
derived-render/render-scared_c_finite_vertices-r0,scared_c_finite_vertices.obj,render,completed,vertices_8px,239.58721134921618,3.255936,1200013312,
derived-render/render-scared_c_finite_vertices-r0,scared_c_finite_vertices.obj,render,completed,transparent_points,223.88367638806054,3.873024,1200013312,
derived-render/render-scared_c_finite_vertices-r0,scared_c_finite_vertices.obj,render,completed,hidden,239.99929295440197,0.364544,1200013312,
distance-only/distance-only-uploads_files_2720101_BusGameMap-r0,uploads_files_2720101_BusGameMap.obj,distance-only,completed,distance_without_diagnostics,101.00458887015964,2.954752,4521418752,
load-all/load-20190810_BearTrap_Ground_Model-r0,20190810_BearTrap_Ground_Model.obj,load,completed,loaded_default,59.22125505042248,16.27136,13758607360,
load-all/load-bennu_OLA_v21_PTM_very-high-r0,bennu_OLA_v21_PTM_very-high.obj,load,completed,loaded_default,125.44129797009158,7.460864,3006902272,
load-all/load-BeTSSi_mod_NURBS-r0,BeTSSi_mod_NURBS.obj,load,completed,loaded_default,240.6489863803903,0.540672,758755328,
load-all/load-camera-r0,camera.obj,load,completed,loaded_default,238.13144128704988,0.644096,769712128,
load-all/load-powerplant-r0,powerplant.obj,load,completed,loaded_default,239.97328806862322,3.061248,2840420352,
load-all/load-SA_Row3-r0,SA_Row3.obj,load,completed,loaded_default,239.93234974154035,0.457728,761421824,
load-all/load-san-miguel-r0,san-miguel.obj,load,completed,loaded_default,148.62264909418428,2.492672,3011485696,
load-all/load-semantic3d_sg27_station8_100000000_xyz_points-r0,semantic3d_sg27_station8_100000000_xyz_points.obj,load,completed,loaded_default,2.4267811805351376,419.815552,16718942208,
load-all/load-semantic3d_sg27_station8_10000000_xyz_points-r0,semantic3d_sg27_station8_10000000_xyz_points.obj,load,completed,loaded_default,22.414792997757466,43.7248,2291757056,
load-all/load-tubes_as_nurbs-r0,tubes_as_nurbs.obj,load,completed,loaded_default,209.84235077065873,0.763904,940433408,
load-all/load-uploads_files_2720101_BusGameMap-r0,uploads_files_2720101_BusGameMap.obj,load,completed,loaded_default,240.35426079280083,0.643072,883707904,
mesh-matrix/mesh-bennu_OLA_v21_PTM_very-high-r0,bennu_OLA_v21_PTM_very-high.obj,mesh,completed,mesh_diagnostics,156.54046653216363,5.946368,24638627840,
mesh-matrix/mesh-bennu_OLA_v21_PTM_very-high-r0,bennu_OLA_v21_PTM_very-high.obj,mesh,completed,quality_longest_edge,123.05684796180284,7.58528,24638627840,
mesh-matrix/mesh-bennu_OLA_v21_PTM_very-high-r0,bennu_OLA_v21_PTM_very-high.obj,mesh,completed,quality_equivalent_size,122.78794227075642,7.630336,24638627840,
mesh-matrix/mesh-bennu_OLA_v21_PTM_very-high-r0,bennu_OLA_v21_PTM_very-high.obj,mesh,completed,quality_shape,122.3050921808234,7.5386880000000005,24638627840,
mesh-matrix/mesh-bennu_OLA_v21_PTM_very-high-r0,bennu_OLA_v21_PTM_very-high.obj,mesh,completed,quality_size_jump,122.96950880263739,7.58272,24638627840,
mesh-matrix/mesh-BeTSSi_mod_NURBS-r0,BeTSSi_mod_NURBS.obj,mesh,completed,mesh_diagnostics,236.71221958857205,0.598016,1065676800,
mesh-matrix/mesh-BeTSSi_mod_NURBS-r0,BeTSSi_mod_NURBS.obj,mesh,completed,quality_longest_edge,239.53365633187732,0.657408,1065676800,
mesh-matrix/mesh-BeTSSi_mod_NURBS-r0,BeTSSi_mod_NURBS.obj,mesh,completed,quality_equivalent_size,239.9209977820958,0.662528,1065676800,
mesh-matrix/mesh-BeTSSi_mod_NURBS-r0,BeTSSi_mod_NURBS.obj,mesh,completed,quality_shape,239.27167737788722,0.662528,1065676800,
mesh-matrix/mesh-BeTSSi_mod_NURBS-r0,BeTSSi_mod_NURBS.obj,mesh,completed,quality_size_jump,237.854806892181,0.661504,1065676800,
mesh-matrix/mesh-camera-r0,camera.obj,mesh,completed,mesh_diagnostics,239.51560553141243,0.776192,1180708864,
mesh-matrix/mesh-camera-r0,camera.obj,mesh,completed,quality_longest_edge,239.96400607242506,0.786432,1180708864,
mesh-matrix/mesh-camera-r0,camera.obj,mesh,completed,quality_equivalent_size,240.7477462704718,0.802816,1180708864,
mesh-matrix/mesh-camera-r0,camera.obj,mesh,completed,quality_shape,238.71213684834362,0.787456,1180708864,
mesh-matrix/mesh-camera-r0,camera.obj,mesh,completed,quality_size_jump,239.78096316446073,0.792576,1180708864,
mesh-matrix/mesh-powerplant-r0,powerplant.obj,mesh,completed,mesh_diagnostics,149.8225469768995,6.2250239999999994,22540881920,
mesh-matrix/mesh-powerplant-r0,powerplant.obj,mesh,completed,quality_longest_edge,126.65454663426554,7.292415999999999,22540881920,
mesh-matrix/mesh-powerplant-r0,powerplant.obj,mesh,completed,quality_equivalent_size,127.11581592398616,7.325184,22540881920,
mesh-matrix/mesh-powerplant-r0,powerplant.obj,mesh,completed,quality_shape,126.76625087107803,7.339008,22540881920,
mesh-matrix/mesh-powerplant-r0,powerplant.obj,mesh,completed,quality_size_jump,126.55994651478639,7.307904,22540881920,
mesh-matrix/mesh-san-miguel-r0,san-miguel.obj,mesh,completed,mesh_diagnostics,12.352321115483518,23.789056000000002,18858221568,
mesh-matrix/mesh-san-miguel-r0,san-miguel.obj,mesh,completed,quality_longest_edge,17.978159889359034,7.837696,18858221568,
mesh-matrix/mesh-san-miguel-r0,san-miguel.obj,mesh,completed,quality_equivalent_size,17.364925365176873,14.450688,18858221568,
mesh-matrix/mesh-san-miguel-r0,san-miguel.obj,mesh,completed,quality_shape,18.112372301806264,17.468416,18858221568,
mesh-matrix/mesh-san-miguel-r0,san-miguel.obj,mesh,completed,quality_size_jump,18.083670430548434,17.455616,18858221568,
mesh-matrix/mesh-tubes_as_nurbs-r0,tubes_as_nurbs.obj,mesh,completed,mesh_diagnostics,239.64837330449637,0.641024,1380712448,
mesh-matrix/mesh-tubes_as_nurbs-r0,tubes_as_nurbs.obj,mesh,completed,quality_longest_edge,240.3115058143673,0.705536,1380712448,
mesh-matrix/mesh-tubes_as_nurbs-r0,tubes_as_nurbs.obj,mesh,completed,quality_equivalent_size,240.4761345246308,0.703488,1380712448,
mesh-matrix/mesh-tubes_as_nurbs-r0,tubes_as_nurbs.obj,mesh,completed,quality_shape,238.50717723935088,0.703488,1380712448,
mesh-matrix/mesh-tubes_as_nurbs-r0,tubes_as_nurbs.obj,mesh,completed,quality_size_jump,239.77878434309318,0.700416,1380712448,
mesh-pilot/mesh-SA_Row3-r0,SA_Row3.obj,mesh,completed,mesh_diagnostics,241.22410661250552,0.42496,746516480,
mesh-pilot/mesh-SA_Row3-r0,SA_Row3.obj,mesh,completed,quality_longest_edge,239.8828689179635,0.57856,746516480,
mesh-pilot/mesh-SA_Row3-r0,SA_Row3.obj,mesh,completed,quality_equivalent_size,239.91205611811844,0.570368,746516480,
mesh-pilot/mesh-SA_Row3-r0,SA_Row3.obj,mesh,completed,quality_shape,239.9389240685604,0.557056,746516480,
mesh-pilot/mesh-SA_Row3-r0,SA_Row3.obj,mesh,completed,quality_size_jump,239.9376911483983,0.567296,746516480,
mesh-pilot/mesh-uploads_files_2720101_BusGameMap-r0,uploads_files_2720101_BusGameMap.obj,mesh,completed,mesh_diagnostics,238.63286766214722,0.778752,2263801856,
mesh-pilot/mesh-uploads_files_2720101_BusGameMap-r0,uploads_files_2720101_BusGameMap.obj,mesh,completed,quality_longest_edge,241.42634061646118,0.973824,2263801856,
mesh-pilot/mesh-uploads_files_2720101_BusGameMap-r0,uploads_files_2720101_BusGameMap.obj,mesh,completed,quality_equivalent_size,239.65709107196764,0.939008,2263801856,
mesh-pilot/mesh-uploads_files_2720101_BusGameMap-r0,uploads_files_2720101_BusGameMap.obj,mesh,completed,quality_shape,238.88847752806248,0.946176,2263801856,
mesh-pilot/mesh-uploads_files_2720101_BusGameMap-r0,uploads_files_2720101_BusGameMap.obj,mesh,completed,quality_size_jump,238.39177524721305,0.9507840000000001,2263801856,
native-ui/native-san-miguel-r0,san-miguel.obj,native,completed,native_properties_visible,12.322314049796347,10.30144,12719149056,
native-ui/native-san-miguel-r0,san-miguel.obj,native,completed,native_properties_hidden,29.009731072550892,6.857856,12719149056,
native-ui/native-san-miguel-r0,san-miguel.obj,native,completed,native_properties_visible_repeat,29.10284654941929,6.894592,12719149056,MISLABELED: Properties remained hidden after clicking its text instead of pin. Use native_properties_restored for the visible repeat.
native-ui/native-san-miguel-r0,san-miguel.obj,native,completed,native_properties_restored,12.387000010887947,10.88512,12719149056,
native-ui/native-san-miguel-r0,san-miguel.obj,native,completed,native_source_properties_selected,27.34810442387047,6.982656,12719149056,
native-ui/native-san-miguel-r0,san-miguel.obj,native,completed,native_after_wheel_navigation,27.45164847530583,7.701504,12719149056,
native-ui/native-san-miguel-r0,san-miguel.obj,native,completed,native_wheel_canvas,27.338117671671142,6.420736,12719149056,
native-ui/native-san-miguel-r0,san-miguel.obj,native,completed,native_post_cancel_canvas_selection,12.33503371772509,9.665536,12719149056,
pilot-load/load-SA_Row3-r0,SA_Row3.obj,load,completed,loaded_default,239.97852888008558,0.366592,734781440,
pilot-load/load-uploads_files_2720101_BusGameMap-r0,uploads_files_2720101_BusGameMap.obj,load,completed,loaded_default,240.0760680681032,0.570368,879796224,
render-bus/render-uploads_files_2720101_BusGameMap-r0,uploads_files_2720101_BusGameMap.obj,render,completed,default_pane,240.8558509084653,0.5888,1082290176,
render-bus/render-uploads_files_2720101_BusGameMap-r0,uploads_files_2720101_BusGameMap.obj,render,completed,solid,239.33392561802873,0.663552,1082290176,
render-bus/render-uploads_files_2720101_BusGameMap-r0,uploads_files_2720101_BusGameMap.obj,render,completed,orbit,239.98925389004935,0.682496,1082290176,
render-bus/render-uploads_files_2720101_BusGameMap-r0,uploads_files_2720101_BusGameMap.obj,render,completed,pan,239.97934760010392,0.693248,1082290176,
render-bus/render-uploads_files_2720101_BusGameMap-r0,uploads_files_2720101_BusGameMap.obj,render,completed,dolly,239.99058989728152,0.694272,1082290176,
render-bus/render-uploads_files_2720101_BusGameMap-r0,uploads_files_2720101_BusGameMap.obj,render,completed,edges,238.93365039784442,1.256448,1082290176,
render-bus/render-uploads_files_2720101_BusGameMap-r0,uploads_files_2720101_BusGameMap.obj,render,completed,vertices,239.2012944650567,1.17056,1082290176,
render-bus/render-uploads_files_2720101_BusGameMap-r0,uploads_files_2720101_BusGameMap.obj,render,completed,combined,239.5296697330735,2.34624,1082290176,
render-bus/render-uploads_files_2720101_BusGameMap-r0,uploads_files_2720101_BusGameMap.obj,render,completed,vertices_1px,240.21899049471367,0.947328,1082290176,
render-bus/render-uploads_files_2720101_BusGameMap-r0,uploads_files_2720101_BusGameMap.obj,render,completed,vertices_8px,240.49907002262535,2.038784,1082290176,
render-bus/render-uploads_files_2720101_BusGameMap-r0,uploads_files_2720101_BusGameMap.obj,render,completed,transparent,240.5949256339067,0.561152,1082290176,
render-bus/render-uploads_files_2720101_BusGameMap-r0,uploads_files_2720101_BusGameMap.obj,render,completed,source_uv_grid,240.14673372504376,0.674816,1082290176,
render-bus/render-uploads_files_2720101_BusGameMap-r0,uploads_files_2720101_BusGameMap.obj,render,completed,hidden,241.24318603016198,0.410624,1082290176,
render-matrix/render-20190810_BearTrap_Ground_Model-r0,20190810_BearTrap_Ground_Model.obj,render,completed,default_pane,57.82440304447861,16.649344,13775142912,
render-matrix/render-20190810_BearTrap_Ground_Model-r0,20190810_BearTrap_Ground_Model.obj,render,completed,solid,58.33890932614797,16.459776,13775142912,
render-matrix/render-20190810_BearTrap_Ground_Model-r0,20190810_BearTrap_Ground_Model.obj,render,completed,orbit,58.4917076155208,16.528384,13775142912,
render-matrix/render-20190810_BearTrap_Ground_Model-r0,20190810_BearTrap_Ground_Model.obj,render,completed,pan,58.226021012197954,16.577536,13775142912,
render-matrix/render-20190810_BearTrap_Ground_Model-r0,20190810_BearTrap_Ground_Model.obj,render,completed,dolly,58.468225342471115,16.520192,13775142912,
render-matrix/render-20190810_BearTrap_Ground_Model-r0,20190810_BearTrap_Ground_Model.obj,render,completed,edges,9.5390149287605,108.878848,13775142912,
render-matrix/render-20190810_BearTrap_Ground_Model-r0,20190810_BearTrap_Ground_Model.obj,render,completed,vertices,11.099587330266134,88.617984,13775142912,
render-matrix/render-20190810_BearTrap_Ground_Model-r0,20190810_BearTrap_Ground_Model.obj,render,completed,combined,4.953489729611325,202.297472,13775142912,
render-matrix/render-20190810_BearTrap_Ground_Model-r0,20190810_BearTrap_Ground_Model.obj,render,completed,vertices_1px,24.777827273022602,39.086336,13775142912,
render-matrix/render-20190810_BearTrap_Ground_Model-r0,20190810_BearTrap_Ground_Model.obj,render,completed,vertices_8px,4.357435737247716,224.173568,13775142912,
render-matrix/render-20190810_BearTrap_Ground_Model-r0,20190810_BearTrap_Ground_Model.obj,render,completed,transparent,57.276936815074684,16.678912,13775142912,
render-matrix/render-20190810_BearTrap_Ground_Model-r0,20190810_BearTrap_Ground_Model.obj,render,completed,source_uv_grid,57.48049454259597,16.783616000000002,13775142912,
render-matrix/render-20190810_BearTrap_Ground_Model-r0,20190810_BearTrap_Ground_Model.obj,render,completed,hidden,239.98143570362262,0.365056,13775142912,
render-matrix/render-bennu_OLA_v21_PTM_very-high-r0,bennu_OLA_v21_PTM_very-high.obj,render,completed,default_pane,121.85258002401726,7.55584,3256619008,
render-matrix/render-bennu_OLA_v21_PTM_very-high-r0,bennu_OLA_v21_PTM_very-high.obj,render,completed,solid,109.84139386946804,8.40704,3256619008,
render-matrix/render-bennu_OLA_v21_PTM_very-high-r0,bennu_OLA_v21_PTM_very-high.obj,render,completed,orbit,109.39484010762867,8.46592,3256619008,
render-matrix/render-bennu_OLA_v21_PTM_very-high-r0,bennu_OLA_v21_PTM_very-high.obj,render,completed,pan,108.77852929389911,8.54656,3256619008,
render-matrix/render-bennu_OLA_v21_PTM_very-high-r0,bennu_OLA_v21_PTM_very-high.obj,render,completed,dolly,108.20672706932649,8.571904,3256619008,
render-matrix/render-bennu_OLA_v21_PTM_very-high-r0,bennu_OLA_v21_PTM_very-high.obj,render,completed,edges,73.91365688539935,12.760064,3256619008,
render-matrix/render-bennu_OLA_v21_PTM_very-high-r0,bennu_OLA_v21_PTM_very-high.obj,render,completed,vertices,107.29644415789356,8.646656,3256619008,
render-matrix/render-bennu_OLA_v21_PTM_very-high-r0,bennu_OLA_v21_PTM_very-high.obj,render,completed,combined,35.195343397856476,27.579392,3256619008,
render-matrix/render-bennu_OLA_v21_PTM_very-high-r0,bennu_OLA_v21_PTM_very-high.obj,render,completed,vertices_1px,115.19065521460314,7.994368,3256619008,
render-matrix/render-bennu_OLA_v21_PTM_very-high-r0,bennu_OLA_v21_PTM_very-high.obj,render,completed,vertices_8px,70.21469102758738,13.53792,3256619008,
render-matrix/render-bennu_OLA_v21_PTM_very-high-r0,bennu_OLA_v21_PTM_very-high.obj,render,completed,transparent,108.68903903505613,8.579072,3256619008,
render-matrix/render-bennu_OLA_v21_PTM_very-high-r0,bennu_OLA_v21_PTM_very-high.obj,render,completed,hidden,240.08935129282068,0.25088,3256619008,
render-matrix/render-BeTSSi_mod_NURBS-r0,BeTSSi_mod_NURBS.obj,render,completed,default_pane,239.94542482701976,0.50688,938848256,
render-matrix/render-BeTSSi_mod_NURBS-r0,BeTSSi_mod_NURBS.obj,render,completed,solid,240.55691449691506,0.531456,938848256,
render-matrix/render-BeTSSi_mod_NURBS-r0,BeTSSi_mod_NURBS.obj,render,completed,orbit,239.98569323766824,0.52736,938848256,
render-matrix/render-BeTSSi_mod_NURBS-r0,BeTSSi_mod_NURBS.obj,render,completed,pan,240.64589357857793,0.536576,938848256,
render-matrix/render-BeTSSi_mod_NURBS-r0,BeTSSi_mod_NURBS.obj,render,completed,dolly,239.49041609408408,0.5376,938848256,
render-matrix/render-BeTSSi_mod_NURBS-r0,BeTSSi_mod_NURBS.obj,render,completed,edges,239.86250437533178,0.684032,938848256,
render-matrix/render-BeTSSi_mod_NURBS-r0,BeTSSi_mod_NURBS.obj,render,completed,vertices,239.97193781165814,0.704512,938848256,
render-matrix/render-BeTSSi_mod_NURBS-r0,BeTSSi_mod_NURBS.obj,render,completed,combined,238.62712005174464,1.106944,938848256,
render-matrix/render-BeTSSi_mod_NURBS-r0,BeTSSi_mod_NURBS.obj,render,completed,vertices_1px,238.23091651597187,0.602112,938848256,
render-matrix/render-BeTSSi_mod_NURBS-r0,BeTSSi_mod_NURBS.obj,render,completed,vertices_8px,235.03263490167203,0.835584,938848256,
render-matrix/render-BeTSSi_mod_NURBS-r0,BeTSSi_mod_NURBS.obj,render,completed,transparent,240.68055291571864,0.514048,938848256,
render-matrix/render-BeTSSi_mod_NURBS-r0,BeTSSi_mod_NURBS.obj,render,completed,hidden,239.9859334066943,0.433152,938848256,
render-matrix/render-camera-r0,camera.obj,render,completed,default_pane,240.52356646607242,0.630784,950788096,
render-matrix/render-camera-r0,camera.obj,render,completed,solid,240.3798456537344,0.657408,950788096,
render-matrix/render-camera-r0,camera.obj,render,completed,orbit,239.22740471219083,0.6620159999999999,950788096,
render-matrix/render-camera-r0,camera.obj,render,completed,pan,239.63543428758967,0.64512,950788096,
render-matrix/render-camera-r0,camera.obj,render,completed,dolly,240.0331087875196,0.653312,950788096,
render-matrix/render-camera-r0,camera.obj,render,completed,edges,239.96171851214126,0.904192,950788096,
render-matrix/render-camera-r0,camera.obj,render,completed,vertices,240.10535247234836,0.811008,950788096,
render-matrix/render-camera-r0,camera.obj,render,completed,combined,239.58521494443886,1.5872,950788096,
render-matrix/render-camera-r0,camera.obj,render,completed,vertices_1px,239.78292330029512,0.669696,950788096,
render-matrix/render-camera-r0,camera.obj,render,completed,vertices_8px,239.7310557876076,0.893952,950788096,
render-matrix/render-camera-r0,camera.obj,render,completed,transparent,239.39901492588976,0.707584,950788096,
render-matrix/render-camera-r0,camera.obj,render,completed,hidden,240.00300715637144,0.408576,950788096,
render-matrix/render-powerplant-r0,powerplant.obj,render,completed,default_pane,240.39279471164932,3.12832,3024240640,
render-matrix/render-powerplant-r0,powerplant.obj,render,completed,solid,240.39008668397102,3.13856,3024240640,
render-matrix/render-powerplant-r0,powerplant.obj,render,completed,orbit,239.998119466985,3.111168,3024240640,
render-matrix/render-powerplant-r0,powerplant.obj,render,completed,pan,240.01869107592907,3.1237120000000003,3024240640,
render-matrix/render-powerplant-r0,powerplant.obj,render,completed,dolly,239.99633787160113,3.129344,3024240640,
render-matrix/render-powerplant-r0,powerplant.obj,render,completed,edges,53.778335151374364,17.896448,3024240640,
render-matrix/render-powerplant-r0,powerplant.obj,render,completed,vertices,40.121859929743,24.205568,3024240640,
render-matrix/render-powerplant-r0,powerplant.obj,render,completed,combined,21.054058664213976,46.7616,3024240640,
render-matrix/render-powerplant-r0,powerplant.obj,render,completed,vertices_1px,77.1516330047252,12.40896,3024240640,
render-matrix/render-powerplant-r0,powerplant.obj,render,completed,vertices_8px,18.301971651355643,54.065152,3024240640,
render-matrix/render-powerplant-r0,powerplant.obj,render,completed,transparent,239.89760144461505,3.184128,3024240640,
render-matrix/render-powerplant-r0,powerplant.obj,render,completed,hidden,239.99381202413358,0.369664,3024240640,
render-matrix/render-SA_Row3-r0,SA_Row3.obj,render,completed,default_pane,240.3648442583323,0.438272,908046336,
render-matrix/render-SA_Row3-r0,SA_Row3.obj,render,completed,solid,241.0252608851112,0.497664,908046336,
render-matrix/render-SA_Row3-r0,SA_Row3.obj,render,completed,orbit,240.50664727313648,0.546304,908046336,
render-matrix/render-SA_Row3-r0,SA_Row3.obj,render,completed,pan,239.99230823423045,0.541696,908046336,
render-matrix/render-SA_Row3-r0,SA_Row3.obj,render,completed,dolly,240.00016520499187,0.533504,908046336,
render-matrix/render-SA_Row3-r0,SA_Row3.obj,render,completed,edges,240.00233702308955,0.55296,908046336,
render-matrix/render-SA_Row3-r0,SA_Row3.obj,render,completed,vertices,239.54750699108482,0.64,908046336,
render-matrix/render-SA_Row3-r0,SA_Row3.obj,render,completed,combined,239.89315520189447,0.769024,908046336,
render-matrix/render-SA_Row3-r0,SA_Row3.obj,render,completed,vertices_1px,239.32887357066957,0.620544,908046336,
render-matrix/render-SA_Row3-r0,SA_Row3.obj,render,completed,vertices_8px,240.35627148482726,0.647168,908046336,
render-matrix/render-SA_Row3-r0,SA_Row3.obj,render,completed,transparent,240.56585170037695,0.48128,908046336,
render-matrix/render-SA_Row3-r0,SA_Row3.obj,render,completed,hidden,240.5198458939622,0.463872,908046336,
render-matrix/render-san-miguel-r0,san-miguel.obj,render,completed,default_pane,148.73429183379463,2.510848,3011940352,
render-matrix/render-san-miguel-r0,san-miguel.obj,render,completed,solid,141.91924465329586,2.501632,3011940352,
render-matrix/render-san-miguel-r0,san-miguel.obj,render,completed,orbit,142.44548905575968,2.499584,3011940352,
render-matrix/render-san-miguel-r0,san-miguel.obj,render,completed,pan,140.3624018617204,2.506752,3011940352,
render-matrix/render-san-miguel-r0,san-miguel.obj,render,completed,dolly,145.4136781471689,2.505728,3011940352,
render-matrix/render-san-miguel-r0,san-miguel.obj,render,completed,edges,73.46472264348985,12.964864,3011940352,
render-matrix/render-san-miguel-r0,san-miguel.obj,render,completed,vertices,48.6343549519652,19.738624,3011940352,
render-matrix/render-san-miguel-r0,san-miguel.obj,render,completed,combined,30.3872529814901,31.295488,3011940352,
render-matrix/render-san-miguel-r0,san-miguel.obj,render,completed,vertices_1px,86.61746161670303,10.425344,3011940352,
render-matrix/render-san-miguel-r0,san-miguel.obj,render,completed,vertices_8px,27.124227946849665,36.04992,3011940352,
render-matrix/render-san-miguel-r0,san-miguel.obj,render,completed,transparent,118.57317069755612,2.515968,3011940352,
render-matrix/render-san-miguel-r0,san-miguel.obj,render,completed,source_uv_grid,112.0058927208868,2.515968,3011940352,
render-matrix/render-san-miguel-r0,san-miguel.obj,render,completed,hidden,240.01828979689728,0.352256,3011940352,
render-matrix/render-semantic3d_sg27_station8_100000000_xyz_points-r0,semantic3d_sg27_station8_100000000_xyz_points.obj,render,completed,default_pane,2.401178658561387,424.167936,16720060416,
render-matrix/render-semantic3d_sg27_station8_100000000_xyz_points-r0,semantic3d_sg27_station8_100000000_xyz_points.obj,render,completed,solid,2.4591720872553697,413.140224,16720060416,Default standalone points visible; label inherited from mesh scenario
render-matrix/render-semantic3d_sg27_station8_100000000_xyz_points-r0,semantic3d_sg27_station8_100000000_xyz_points.obj,render,completed,orbit,2.421323452783255,413.440512,16720060416,
render-matrix/render-semantic3d_sg27_station8_100000000_xyz_points-r0,semantic3d_sg27_station8_100000000_xyz_points.obj,render,completed,pan,2.34555375145062,425.519104,16720060416,
render-matrix/render-semantic3d_sg27_station8_100000000_xyz_points-r0,semantic3d_sg27_station8_100000000_xyz_points.obj,render,completed,dolly,2.3732536098064587,425.014272,16720060416,
render-matrix/render-semantic3d_sg27_station8_100000000_xyz_points-r0,semantic3d_sg27_station8_100000000_xyz_points.obj,render,completed,edges,240.03082961992396,0.24831999999999999,16720060416,EXCLUDE: generic mesh settings disabled all standalone points
render-matrix/render-semantic3d_sg27_station8_100000000_xyz_points-r0,semantic3d_sg27_station8_100000000_xyz_points.obj,render,completed,vertices,2.407766233937585,420.80575999999996,16720060416,
render-matrix/render-semantic3d_sg27_station8_100000000_xyz_points-r0,semantic3d_sg27_station8_100000000_xyz_points.obj,render,completed,combined,2.4152216607948045,421.315072,16720060416,
render-matrix/render-semantic3d_sg27_station8_100000000_xyz_points-r0,semantic3d_sg27_station8_100000000_xyz_points.obj,render,completed,vertices_1px,5.795959714605022,170.354304,16720060416,
render-matrix/render-semantic3d_sg27_station8_100000000_xyz_points-r0,semantic3d_sg27_station8_100000000_xyz_points.obj,render,completed,vertices_8px,1.0152951292254921,992.242944,16720060416,
render-matrix/render-semantic3d_sg27_station8_100000000_xyz_points-r0,semantic3d_sg27_station8_100000000_xyz_points.obj,render,completed,transparent,240.25866267834994,0.251904,16720060416,EXCLUDE: generic mesh settings disabled all standalone points
render-matrix/render-semantic3d_sg27_station8_100000000_xyz_points-r0,semantic3d_sg27_station8_100000000_xyz_points.obj,render,completed,hidden,238.75047630901767,0.25344,16720060416,
render-matrix/render-semantic3d_sg27_station8_10000000_xyz_points-r0,semantic3d_sg27_station8_10000000_xyz_points.obj,render,completed,default_pane,22.13897798780995,44.622848,2345439232,
render-matrix/render-semantic3d_sg27_station8_10000000_xyz_points-r0,semantic3d_sg27_station8_10000000_xyz_points.obj,render,completed,solid,23.423268117005215,41.80992,2345439232,Default standalone points visible; label inherited from mesh scenario
render-matrix/render-semantic3d_sg27_station8_10000000_xyz_points-r0,semantic3d_sg27_station8_10000000_xyz_points.obj,render,completed,orbit,25.123695499701903,39.388416,2345439232,
render-matrix/render-semantic3d_sg27_station8_10000000_xyz_points-r0,semantic3d_sg27_station8_10000000_xyz_points.obj,render,completed,pan,23.855555381711824,41.346048,2345439232,
render-matrix/render-semantic3d_sg27_station8_10000000_xyz_points-r0,semantic3d_sg27_station8_10000000_xyz_points.obj,render,completed,dolly,24.13276914440052,40.94464,2345439232,
render-matrix/render-semantic3d_sg27_station8_10000000_xyz_points-r0,semantic3d_sg27_station8_10000000_xyz_points.obj,render,completed,edges,239.740739625753,0.351744,2345439232,EXCLUDE: generic mesh settings disabled all standalone points
render-matrix/render-semantic3d_sg27_station8_10000000_xyz_points-r0,semantic3d_sg27_station8_10000000_xyz_points.obj,render,completed,vertices,22.930874726956457,42.990848,2345439232,
render-matrix/render-semantic3d_sg27_station8_10000000_xyz_points-r0,semantic3d_sg27_station8_10000000_xyz_points.obj,render,completed,combined,22.80653176031027,42.951167999999996,2345439232,
render-matrix/render-semantic3d_sg27_station8_10000000_xyz_points-r0,semantic3d_sg27_station8_10000000_xyz_points.obj,render,completed,vertices_1px,60.66870090739326,15.633408,2345439232,
render-matrix/render-semantic3d_sg27_station8_10000000_xyz_points-r0,semantic3d_sg27_station8_10000000_xyz_points.obj,render,completed,vertices_8px,8.907329152731128,110.83481599999999,2345439232,
render-matrix/render-semantic3d_sg27_station8_10000000_xyz_points-r0,semantic3d_sg27_station8_10000000_xyz_points.obj,render,completed,transparent,240.00720274516027,0.252928,2345439232,EXCLUDE: generic mesh settings disabled all standalone points
render-matrix/render-semantic3d_sg27_station8_10000000_xyz_points-r0,semantic3d_sg27_station8_10000000_xyz_points.obj,render,completed,hidden,239.96532577467377,0.25088,2345439232,
render-matrix/render-tubes_as_nurbs-r0,tubes_as_nurbs.obj,render,completed,default_pane,238.25000088385488,0.717824,1111801856,
render-matrix/render-tubes_as_nurbs-r0,tubes_as_nurbs.obj,render,completed,solid,238.59671199609335,0.755712,1111801856,
render-matrix/render-tubes_as_nurbs-r0,tubes_as_nurbs.obj,render,completed,orbit,240.15003348243692,0.5632,1111801856,
render-matrix/render-tubes_as_nurbs-r0,tubes_as_nurbs.obj,render,completed,pan,240.14505977597452,0.560128,1111801856,
render-matrix/render-tubes_as_nurbs-r0,tubes_as_nurbs.obj,render,completed,dolly,240.12674777959393,0.565248,1111801856,
render-matrix/render-tubes_as_nurbs-r0,tubes_as_nurbs.obj,render,completed,edges,240.46285533460338,0.862208,1111801856,
render-matrix/render-tubes_as_nurbs-r0,tubes_as_nurbs.obj,render,completed,vertices,239.129781711174,0.7685120000000001,1111801856,
render-matrix/render-tubes_as_nurbs-r0,tubes_as_nurbs.obj,render,completed,combined,238.85186901664298,1.46944,1111801856,
render-matrix/render-tubes_as_nurbs-r0,tubes_as_nurbs.obj,render,completed,vertices_1px,236.47173492135425,0.674304,1111801856,
render-matrix/render-tubes_as_nurbs-r0,tubes_as_nurbs.obj,render,completed,vertices_8px,228.46818115987193,0.94208,1111801856,
render-matrix/render-tubes_as_nurbs-r0,tubes_as_nurbs.obj,render,completed,transparent,240.32560987646968,0.396288,1111801856,
render-matrix/render-tubes_as_nurbs-r0,tubes_as_nurbs.obj,render,completed,hidden,240.0084792871033,0.41215999999999997,1111801856,
render-matrix/render-uploads_files_2720101_BusGameMap-r0,uploads_files_2720101_BusGameMap.obj,render,completed,default_pane,240.53025236320536,0.653312,1060409344,
render-matrix/render-uploads_files_2720101_BusGameMap-r0,uploads_files_2720101_BusGameMap.obj,render,completed,solid,240.35777050432122,0.71168,1060409344,
render-matrix/render-uploads_files_2720101_BusGameMap-r0,uploads_files_2720101_BusGameMap.obj,render,completed,orbit,239.3694736691889,0.6999040000000001,1060409344,
render-matrix/render-uploads_files_2720101_BusGameMap-r0,uploads_files_2720101_BusGameMap.obj,render,completed,pan,239.98169253204924,0.702464,1060409344,
render-matrix/render-uploads_files_2720101_BusGameMap-r0,uploads_files_2720101_BusGameMap.obj,render,completed,dolly,239.64826221634183,0.710656,1060409344,
render-matrix/render-uploads_files_2720101_BusGameMap-r0,uploads_files_2720101_BusGameMap.obj,render,completed,edges,240.2045159785056,1.329152,1060409344,
render-matrix/render-uploads_files_2720101_BusGameMap-r0,uploads_files_2720101_BusGameMap.obj,render,completed,vertices,239.63438913084505,1.245184,1060409344,
render-matrix/render-uploads_files_2720101_BusGameMap-r0,uploads_files_2720101_BusGameMap.obj,render,completed,combined,238.25210594217933,2.458624,1060409344,
render-matrix/render-uploads_files_2720101_BusGameMap-r0,uploads_files_2720101_BusGameMap.obj,render,completed,vertices_1px,239.38123666167328,0.966656,1060409344,
render-matrix/render-uploads_files_2720101_BusGameMap-r0,uploads_files_2720101_BusGameMap.obj,render,completed,vertices_8px,238.95755989901548,2.228224,1060409344,
render-matrix/render-uploads_files_2720101_BusGameMap-r0,uploads_files_2720101_BusGameMap.obj,render,completed,transparent,240.06232170325694,0.623616,1060409344,
render-matrix/render-uploads_files_2720101_BusGameMap-r0,uploads_files_2720101_BusGameMap.obj,render,completed,source_uv_grid,239.96712374244663,0.695296,1060409344,
render-matrix/render-uploads_files_2720101_BusGameMap-r0,uploads_files_2720101_BusGameMap.obj,render,completed,hidden,239.95500436949104,0.423936,1060409344,
retention/retention-semantic3d_sg27_station8_100000000_xyz_points-r0,semantic3d_sg27_station8_100000000_xyz_points.obj,retention,completed,cycle_0_combined,2.045476255391222,481.252352,16863961088,
retention/retention-semantic3d_sg27_station8_100000000_xyz_points-r0,semantic3d_sg27_station8_100000000_xyz_points.obj,retention,completed,cycle_1_combined,2.0500888294944644,480.857088,16863961088,
retention/retention-semantic3d_sg27_station8_100000000_xyz_points-r0,semantic3d_sg27_station8_100000000_xyz_points.obj,retention,completed,cycle_2_combined,2.041233807439771,484.611072,16863961088,
retention/retention-semantic3d_sg27_station8_100000000_xyz_points-r0,semantic3d_sg27_station8_100000000_xyz_points.obj,retention,completed,cycle_3_combined,2.0498500995931064,480.707584,16863961088,
retention/retention-semantic3d_sg27_station8_100000000_xyz_points-r0,semantic3d_sg27_station8_100000000_xyz_points.obj,retention,completed,cycle_4_combined,2.0551141189480884,479.26272,16863961088,
retention/retention-semantic3d_sg27_station8_10000000_xyz_points-r0,semantic3d_sg27_station8_10000000_xyz_points.obj,retention,completed,cycle_0_combined,22.513138642558005,43.268224000000004,2527666176,
retention/retention-semantic3d_sg27_station8_10000000_xyz_points-r0,semantic3d_sg27_station8_10000000_xyz_points.obj,retention,completed,cycle_1_combined,22.341202300035917,44.125696,2527666176,
retention/retention-semantic3d_sg27_station8_10000000_xyz_points-r0,semantic3d_sg27_station8_10000000_xyz_points.obj,retention,completed,cycle_2_combined,22.554736876438483,44.00025599999999,2527666176,
retention/retention-semantic3d_sg27_station8_10000000_xyz_points-r0,semantic3d_sg27_station8_10000000_xyz_points.obj,retention,completed,cycle_3_combined,22.450746998316195,44.124288,2527666176,
retention/retention-semantic3d_sg27_station8_10000000_xyz_points-r0,semantic3d_sg27_station8_10000000_xyz_points.obj,retention,completed,cycle_4_combined,22.35792428353863,43.177984,2527666176,
retention/retention-uploads_files_2720101_BusGameMap-r0,uploads_files_2720101_BusGameMap.obj,retention,completed,cycle_0_combined,219.98789159788254,2.3466240000000003,1058525184,
retention/retention-uploads_files_2720101_BusGameMap-r0,uploads_files_2720101_BusGameMap.obj,retention,completed,cycle_1_combined,234.94706771394868,2.348544,1058525184,
retention/retention-uploads_files_2720101_BusGameMap-r0,uploads_files_2720101_BusGameMap.obj,retention,completed,cycle_2_combined,233.70226505421658,2.350336,1058525184,
retention/retention-uploads_files_2720101_BusGameMap-r0,uploads_files_2720101_BusGameMap.obj,retention,completed,cycle_3_combined,233.18599035642225,2.34496,1058525184,
retention/retention-uploads_files_2720101_BusGameMap-r0,uploads_files_2720101_BusGameMap.obj,retention,completed,cycle_4_combined,233.81646279418064,2.3434239999999997,1058525184,
startup-files/startup-20190810_BearTrap_Ground_Model-r0,20190810_BearTrap_Ground_Model.obj,startup,completed,loaded_default,59.16101117997823,16.25088,13142921216,
startup-files/startup-semantic3d_sg27_station8_100000000_xyz_points-r0,semantic3d_sg27_station8_100000000_xyz_points.obj,startup,completed,loaded_default,2.3551605689579422,420.206592,16107212800,
startup-files/startup-uploads_files_2720101_BusGameMap-r0,uploads_files_2720101_BusGameMap.obj,startup,completed,loaded_default,239.72556478929525,0.6144,879390720,
uv-display/uv-display-san-miguel-r0,san-miguel.obj,uv-display,completed,overlapping_whole,44.58039141053526,6.600704,9342722048,
uv-display/uv-display-san-miguel-r0,san-miguel.obj,uv-display,completed,overlapping_close,44.80754487358206,5.942272,9342722048,
uv-display/uv-display-san-miguel-r0,san-miguel.obj,uv-display,completed,separated_whole,44.574746529975776,5.861376,9342722048,
uv-display/uv-display-san-miguel-r0,san-miguel.obj,uv-display,completed,separated_close,45.2093189562525,6.54848,9342722048,
uv-display/uv-display-uploads_files_2720101_BusGameMap-r0,uploads_files_2720101_BusGameMap.obj,uv-display,completed,overlapping_whole,239.95273538550566,0.806912,1485197312,
uv-display/uv-display-uploads_files_2720101_BusGameMap-r0,uploads_files_2720101_BusGameMap.obj,uv-display,completed,overlapping_close,239.97073569515155,0.941056,1485197312,
uv-display/uv-display-uploads_files_2720101_BusGameMap-r0,uploads_files_2720101_BusGameMap.obj,uv-display,completed,separated_whole,240.62539759204714,0.796672,1485197312,
uv-display/uv-display-uploads_files_2720101_BusGameMap-r0,uploads_files_2720101_BusGameMap.obj,uv-display,completed,separated_close,239.95025990121908,0.714752,1485197312,
uv-matrix/uv-20190810_BearTrap_Ground_Model-r0,20190810_BearTrap_Ground_Model.obj,uv,process_private_limit,uv_surface,59.43788538885575,16.36352,41412026368,
uv-matrix/uv-20190810_BearTrap_Ground_Model-r0,20190810_BearTrap_Ground_Model.obj,uv,process_private_limit,uv_surface_edges,7.225137326194675,135.927808,41412026368,
uv-matrix/uv-20190810_BearTrap_Ground_Model-r0,20190810_BearTrap_Ground_Model.obj,uv,process_private_limit,uv_layout,8.321384056984185,117.707776,41412026368,
uv-matrix/uv-20190810_BearTrap_Ground_Model-r0,20190810_BearTrap_Ground_Model.obj,uv,process_private_limit,uv_separated,8.304609620623053,117.808128,41412026368,
uv-matrix/uv-20190810_BearTrap_Ground_Model-r0,20190810_BearTrap_Ground_Model.obj,uv,process_private_limit,uv_quality_surface,240.65336092160726,0.49152,41412026368,EXCLUDE: UV heatmap display exceeded the GPU buffer limit; no successful quality drawing
uv-matrix/uv-20190810_BearTrap_Ground_Model-r0,20190810_BearTrap_Ground_Model.obj,uv,process_private_limit,uv_quality_surface_edges,240.77855082213787,0.56832,41412026368,EXCLUDE: UV heatmap display exceeded the GPU buffer limit; no successful quality drawing
uv-matrix/uv-20190810_BearTrap_Ground_Model-r0,20190810_BearTrap_Ground_Model.obj,uv,process_private_limit,uv_quality_layout,239.96205127788647,0.479232,41412026368,EXCLUDE: UV heatmap display exceeded the GPU buffer limit; no successful quality drawing
uv-matrix/uv-20190810_BearTrap_Ground_Model-r0,20190810_BearTrap_Ground_Model.obj,uv,process_private_limit,uv_quality_separated,239.5867423891466,0.570368,41412026368,EXCLUDE: UV heatmap display exceeded the GPU buffer limit; no successful quality drawing
uv-matrix/uv-san-miguel-r0,san-miguel.obj,uv,completed,uv_surface,45.86010698094432,6.38464,9395036160,
uv-matrix/uv-san-miguel-r0,san-miguel.obj,uv,completed,uv_surface_edges,45.997608728758784,15.127552,9395036160,
uv-matrix/uv-san-miguel-r0,san-miguel.obj,uv,completed,uv_layout,28.68252604344731,34.040832,9395036160,
uv-matrix/uv-san-miguel-r0,san-miguel.obj,uv,completed,uv_separated,47.62306596813441,12.414463999999999,9395036160,
uv-matrix/uv-san-miguel-r0,san-miguel.obj,uv,completed,uv_quality_surface,43.462908240755546,6.076416,9395036160,
uv-matrix/uv-san-miguel-r0,san-miguel.obj,uv,completed,uv_quality_surface_edges,43.93620476801971,15.914496,9395036160,
uv-matrix/uv-san-miguel-r0,san-miguel.obj,uv,completed,uv_quality_layout,27.926255171614617,35.038208,9395036160,
uv-matrix/uv-san-miguel-r0,san-miguel.obj,uv,completed,uv_quality_separated,44.42124593491378,13.732864,9395036160,
uv-matrix/uv-uploads_files_2720101_BusGameMap-r0,uploads_files_2720101_BusGameMap.obj,uv,completed,uv_surface,240.9343340298675,0.638976,1499906048,
uv-matrix/uv-uploads_files_2720101_BusGameMap-r0,uploads_files_2720101_BusGameMap.obj,uv,completed,uv_surface_edges,239.92916194348325,1.35168,1499906048,
uv-matrix/uv-uploads_files_2720101_BusGameMap-r0,uploads_files_2720101_BusGameMap.obj,uv,completed,uv_layout,240.12021840089477,1.888256,1499906048,
uv-matrix/uv-uploads_files_2720101_BusGameMap-r0,uploads_files_2720101_BusGameMap.obj,uv,completed,uv_separated,239.98873280195286,2.430208,1499906048,
uv-matrix/uv-uploads_files_2720101_BusGameMap-r0,uploads_files_2720101_BusGameMap.obj,uv,completed,uv_quality_surface,239.96048606131836,0.98816,1499906048,
uv-matrix/uv-uploads_files_2720101_BusGameMap-r0,uploads_files_2720101_BusGameMap.obj,uv,completed,uv_quality_surface_edges,239.9607388086929,1.7664,1499906048,
uv-matrix/uv-uploads_files_2720101_BusGameMap-r0,uploads_files_2720101_BusGameMap.obj,uv,completed,uv_quality_layout,240.97685874594188,1.936384,1499906048,
uv-matrix/uv-uploads_files_2720101_BusGameMap-r0,uploads_files_2720101_BusGameMap.obj,uv,completed,uv_quality_separated,240.78289560834702,2.468352,1499906048,
uv-pilot/uv-SA_Row3-r0,SA_Row3.obj,uv,completed,uv_surface,242.02546396109156,0.328704,764678144,
uv-pilot/uv-SA_Row3-r0,SA_Row3.obj,uv,completed,uv_surface_edges,241.4196778178494,0.531456,764678144,
uv-pilot/uv-SA_Row3-r0,SA_Row3.obj,uv,completed,uv_layout,239.14716394399719,0.5012479999999999,764678144,
uv-pilot/uv-SA_Row3-r0,SA_Row3.obj,uv,completed,uv_separated,239.1499093640758,0.528896,764678144,
uv-pilot/uv-SA_Row3-r0,SA_Row3.obj,uv,completed,uv_quality_surface,241.2193292503181,0.58368,764678144,
uv-pilot/uv-SA_Row3-r0,SA_Row3.obj,uv,completed,uv_quality_surface_edges,239.96251446285225,0.592896,764678144,
uv-pilot/uv-SA_Row3-r0,SA_Row3.obj,uv,completed,uv_quality_layout,240.68838103395893,0.531968,764678144,
uv-pilot/uv-SA_Row3-r0,SA_Row3.obj,uv,completed,uv_quality_separated,239.93406510996238,0.548864,764678144,
