query,parts,legacy_us,cached_us,legacy_allocations,cached_allocations,retained_payload_bytes,builds
membership,256,254.867,59.4381,0,0,3832,1
tree_counts,256,21.3443,0.438679,0,0,11496,1
parts,256,1117.98,34.4384,0,0,106784,1
selection,256,2571.8,0.234082,1,0,392,1
hover_signature,256,197.792,0.7907,0,0,72,1
uv_signature,256,1602.13,0.308268,22,0,40153,1
membership,4096,47600.8,840.2,0,0,61432,1
tree_counts,4096,236.678,0.410829,0,0,184296,1
parts,4096,13961.6,629.475,0,0,1814312,1
selection,4096,40820.1,0.233776,1,0,392,1
hover_signature,4096,3199.5,0.7969,0,0,72,1
uv_signature,4096,30684.3,0.387365,29,0,666601,1
membership,16384,1.04933e+06,5547,0,0,245752,1
tree_counts,16384,1864.15,0.412562,0,0,737256,1
parts,16384,73916.2,3656.7,0,0,6204872,1
selection,16384,254547,0.419035,1,0,392,1
hover_signature,16384,21404,1.45804,0,0,72,1
uv_signature,16384,137124,0.331287,32,0,2285865,1
annotation_20000_segments,1,25316,0.0855,0,0,480000,1
annotation_projection,1,68487.7,0.792612,0,0,1440072,1
