run,msaa,opacity,zoom,condition,rounds,frames,gpu_ms,round_min_ms,round_max_ms,frame_p95_ms,scene_cpu_ms,graphics_cpu_ms,main_thread_work_ms,draws,geometry_bytes,texture_heap_bytes,overlay_image_bytes,transparencyAccumMs,transparencyResolveMs,triangleLinesMs,paired_speedup,paired_saved_ms
bus-4x,4,0.35,1,surface,3,1979,0.392192,0.391168,0.437248,0.422912,0.038,2.7558,0.1603,73,39718648,335544320,44236800,0.20992,0.040959999999999996,0.0,4.815274151436031,1.4963199999999999
bus-4x,4,0.35,1,legacy,3,1993,1.888512,1.883136,1.901824,2.166784,0.0718,2.8087,0.2001,138,39718648,335544320,44236800,0.14540799999999998,0.044031999999999995,1.5831039999999998,1.0,0.0
bus-4x,4,0.35,1,legacy-opaque,3,1977,0.961536,0.959488,0.961536,0.96768,0.0718,2.80725,0.2009,138,39718648,335544320,44236800,0.14540799999999998,0.044031999999999995,0.658432,1.9640575079872205,0.926976
bus-4x,4,0.35,1,matched,3,1971,0.405504,0.402432,0.4096,0.43008,0.0438,2.75075,0.16615,73,39718648,335544320,44236800,0.218112,0.041984,0.0,4.643939393939394,1.478912
bus-4x,4,0.35,1,coating,3,1986,0.485376,0.482304,0.490496,0.49664,0.0439,2.748,0.1668,73,39718648,335544320,44236800,0.263168,0.050176,0.0,3.879746835443038,1.406208
bus-4x,4,0.35,1,opaque,3,1991,0.490496,0.487424,0.492544,0.494592,0.0438,2.7534,0.1675,73,39718648,335544320,44236800,0.267264,0.050176,0.0,3.86344537815126,1.3959679999999999
bus-4x,4,0.35,1,overlay,3,1988,0.5632,0.556032,0.570368,0.577536,0.0438,2.7573499999999997,0.1656,73,39718648,335544320,44236800,0.355328,0.049152,0.0,3.3436363636363633,1.331456
bus-4x,4,0.35,1,overlay-opaque,3,1981,0.5376,0.526336,0.543744,0.544768,0.044,2.7616,0.1696,73,39718648,335544320,44236800,0.324608,0.050176,0.0,3.5376190476190477,1.3621759999999998
bus-4x,4,0.35,1,matched-pulled,3,1977,0.72192,0.712704,0.746496,0.743424,0.0443,2.744,0.1641,73,39718648,335544320,44236800,0.571392,0.033791999999999996,0.0,2.6159574468085105,1.166592
bus-4x,4,0.35,1,coating-pulled,3,1978,0.745472,0.739328,0.749568,0.756736,0.0444,2.7691,0.1671,73,39718648,335544320,44236800,0.6000639999999999,0.034816,0.0,2.547091412742382,1.143808
bus-4x,4,0.35,1,opaque-pulled,3,1977,0.742656,0.739584,0.751616,0.754688,0.0443,2.74905,0.1645,73,39718648,335544320,44236800,0.6000639999999999,0.033791999999999996,0.0,2.5356773526370215,1.14048
bus-4x,4,0.35,1,overlay-pulled,3,1979,0.758784,0.753664,0.759808,0.770048,0.0443,2.7519,0.1671,73,39718648,335544320,44236800,0.603136,0.037888,0.0,2.498641304347826,1.1294719999999998
bennu-4x,4,0.35,1,surface,3,1057,5.168384,4.973568,5.208064,5.236992,0.0047,5.4817,0.1481,9,660728432,335544320,44236800,4.998144,0.049152,0.0,3.3000639009044437,11.692927999999998
bennu-4x,4,0.35,1,legacy,3,329,16.861311999999998,16.564224,17.186944,17.288192,0.008,17.226999999999997,0.19605,10,660728432,335544320,44236800,5.080576,0.047104,11.474943999999999,1.0,0.0
bennu-4x,4,0.35,1,legacy-opaque,3,341,16.117248,15.824896,16.37888,16.621568,0.0079,16.5982,0.19755,10,660728432,335544320,44236800,5.222911999999999,0.049152,10.690048,1.046719295975152,0.7440639999999981
bennu-4x,4,0.35,1,matched,3,1066,5.141504,5.054464,5.203968,5.222656,0.0052,5.4344,0.14850000000000002,9,660728432,335544320,44236800,4.97152,0.048128,0.0,3.279451304521011,11.719807999999997
bennu-4x,4,0.35,1,coating,3,1069,5.151744,5.070976,5.202944,5.225472,0.0052,5.4482,0.14909999999999998,9,660728432,335544320,44236800,4.977664,0.049152,0.0,3.2729328165374674,11.709567999999997
bennu-4x,4,0.35,1,opaque,3,1065,5.153792,5.075583999999999,5.194752,5.225472,0.005,5.445,0.1478,9,660728432,335544320,44236800,4.983808,0.048128,0.0,3.2716322272998206,11.707519999999999
bennu-4x,4,0.35,1,overlay,3,1050,5.169152,5.106176,5.237375999999999,5.241088,0.005,5.4605,0.14345,9,660728432,335544320,44236800,4.995583999999999,0.052224,0.0,3.2619106576862116,11.692159999999998
bennu-4x,4,0.35,1,overlay-opaque,3,1064,5.159168,5.092352,5.22752,5.23776,0.0052,5.4568,0.1481,9,660728432,335544320,44236800,4.98688,0.051199999999999996,0.0,3.2682230933359793,11.702143999999997
bennu-4x,4,0.35,1,matched-pulled,3,842,6.535424,6.442496,6.58432,6.633472,0.0053,6.8885,0.15075,9,660728432,335544320,44236800,6.352895999999999,0.047104,0.0,2.579987465235614,10.325887999999999
bennu-4x,4,0.35,1,coating-pulled,3,837,6.555648,6.4569600000000005,6.586880000000001,6.6304,0.0054,6.8901,0.15325,9,660728432,335544320,44236800,6.377472,0.047104,0.0,2.57202827241487,10.305663999999998
bennu-4x,4,0.35,1,opaque-pulled,3,840,6.541312,6.447104,6.57536,6.612224,0.0055,6.8807,0.1546,9,660728432,335544320,44236800,6.352895999999999,0.047104,0.0,2.5776651534126485,10.319999999999999
bennu-4x,4,0.35,1,overlay-pulled,3,840,6.57408,6.49216,6.629887999999999,6.64576,0.0053,6.9261,0.1538,9,660728432,335544320,44236800,6.39488,0.051199999999999996,0.0,2.564816978193146,10.287231999999998
bear-4x,4,0.35,1,surface,3,336,16.47616,15.96416,16.521728,16.620544,0.0063,16.8886,0.19965,9,2823231768,335544320,44236800,16.315392,0.043008,0.0,9.126158232359229,131.42528
bear-4x,4,0.35,1,legacy,3,125,147.90143999999998,146.185216,150.779904,150.316032,0.00895,148.47019999999998,0.2263,10,2823231768,335544320,44236800,15.316991999999999,0.051199999999999996,132.0448,1.0,0.0
bear-4x,4,0.35,1,legacy-opaque,3,124,147.879936,146.338432,148.15744,150.46656,0.009,148.878,0.22999999999999998,10,2823231768,335544320,44236800,15.414271999999999,0.051199999999999996,132.067328,1.000145415264448,0.021503999999993084
bear-4x,4,0.35,1,matched,3,339,16.463872,16.310271999999998,16.527487999999998,16.606208,0.0067,16.8662,0.19205,9,2823231768,335544320,44236800,16.303103999999998,0.043008,0.0,8.983393456897623,131.43756799999997
bear-4x,4,0.35,1,coating,3,335,16.470016,16.331776,16.56832,16.48768,0.0067,16.8302,0.1869,9,2823231768,335544320,44236800,16.309248,0.043008,0.0,8.980042278040287,131.431424
bear-4x,4,0.35,1,opaque,3,334,16.464896,16.330752,16.516095999999997,16.480256,0.0066,16.8332,0.1918,9,2823231768,335544320,44236800,16.306176,0.043008,0.0,8.982834753405061,131.43654399999997
bear-4x,4,0.35,1,overlay,3,333,16.477184,16.338944,16.604672,16.615424,0.0067,16.8523,0.19,9,2823231768,335544320,44236800,16.307199999999998,0.045056,0.0,8.976135728046732,131.42425599999999
bear-4x,4,0.35,1,overlay-opaque,3,336,16.47616,16.331776,16.571392,16.608256,0.0067,16.8569,0.192,9,2823231768,335544320,44236800,16.308224,0.045056,0.0,8.976693598508389,131.42528
bear-4x,4,0.35,1,matched-pulled,3,264,20.758528,20.569344,20.772864,20.955136,0.0069,21.1252,0.1988,9,2823231768,335544320,44236800,20.590591999999997,0.045056,0.0,7.1248520126282555,127.14291199999998
bear-4x,4,0.35,1,coating-pulled,3,263,20.76288,20.568192,20.900351999999998,20.933632,0.0068,21.1444,0.18985000000000002,9,2823231768,335544320,44236800,20.590591999999997,0.045056,0.0,7.123358609210282,127.13855999999998
bear-4x,4,0.35,1,opaque-pulled,3,264,20.760576,20.569088,20.77696,20.932864,0.0068,21.1551,0.1925,9,2823231768,335544320,44236800,20.59264,0.045056,0.0,7.124149156555193,127.14086399999998
bear-4x,4,0.35,1,overlay-pulled,3,263,20.763648,20.585728,20.887552,20.905984,0.0068,21.1978,0.19999999999999998,9,2823231768,335544320,44236800,20.593664,0.048128,0.0,7.1230951324160365,127.13779199999998
sanmiguel-4x,4,0.35,1,surface,3,1031,2.3552,2.335744,2.364416,2.70464,1.1801,4.4337,1.5602,2211,565856852,335544320,44236800,2.192384,0.039936,0.0,8.05403331871986,16.504064
sanmiguel-4x,4,0.35,1,legacy,3,290,18.859264,18.81216,19.779072,19.6864,2.3412499999999996,16.4681,2.9844999999999997,4414,565856852,335544320,44236800,2.387968,0.043008,16.397312,1.0,0.0
sanmiguel-4x,4,0.35,1,legacy-opaque,3,311,17.763328,17.620992,18.08384,18.174976,2.3493,15.2339,2.9779,4414,565856852,335544320,44236800,2.412544,0.040959999999999996,15.280128,1.067599372384937,1.1911679999999976
sanmiguel-4x,4,0.35,1,matched,3,955,2.359296,2.347136,2.361344,2.727168,1.3738,4.4193,1.7544499999999998,2211,565856852,335544320,44236800,2.194432,0.040959999999999996,0.0,8.014942466052243,16.49792
sanmiguel-4x,4,0.35,1,coating,3,953,2.36096,2.348032,2.361344,2.732288,1.37695,4.4297,1.7564,2211,565856852,335544320,44236800,2.194432,0.040959999999999996,0.0,8.01188399476668,16.498304
sanmiguel-4x,4,0.35,1,opaque,3,971,2.36032,2.348672,2.362624,2.732288,1.3707,4.4178,1.7463,2211,565856852,335544320,44236800,2.194432,0.040959999999999996,0.0,8.009700801133576,16.498943999999998
sanmiguel-4x,4,0.35,1,overlay,3,964,2.370816,2.356224,2.376704,2.737152,1.36895,4.4331,1.7418,2211,565856852,335544320,44236800,2.200576,0.044031999999999995,0.0,7.984028683181225,16.488447999999998
sanmiguel-4x,4,0.35,1,overlay-opaque,3,1019,2.3712,2.357248,2.373632,2.742272,1.37175,4.4667,1.7554500000000002,2211,565856852,335544320,44236800,2.200576,0.044031999999999995,0.0,7.980560382276281,16.488064
sanmiguel-4x,4,0.35,1,matched-pulled,3,966,2.976768,2.960384,3.06176,3.323904,1.3907500000000002,4.3546,1.76355,2211,565856852,335544320,44236800,2.8149759999999997,0.039936,0.0,6.35463507436873,15.882496
sanmiguel-4x,4,0.35,1,coating-pulled,3,965,2.996864,2.961408,3.076352,3.38432,1.3897,4.3263,1.7623,2211,565856852,335544320,44236800,2.833408,0.039936,0.0,6.352437759336099,15.8624
sanmiguel-4x,4,0.35,1,opaque-pulled,3,965,3.047424,2.967552,3.094016,3.413248,1.3904,4.3467,1.7602000000000002,2211,565856852,335544320,44236800,2.893824,0.034816,0.0,6.3392857142857135,15.844608
sanmiguel-4x,4,0.35,1,overlay-pulled,3,974,3.028992,2.977792,3.079168,3.398656,1.3899,4.346500000000001,1.7623,2211,565856852,335544320,44236800,2.863104,0.036864,0.0,6.317486244841815,15.834367999999998
bus-1x,1,0.35,1.0,surface,3,1486,0.454656,0.395264,0.45568,0.456704,0.038,2.7718499999999997,0.16065000000000002,73,39718648,67108864,11059200,0.380928,0.014336,0.0,3.0878378378378377,0.9492480000000001
bus-1x,1,0.35,1.0,legacy,3,1493,1.401856,1.386496,1.403904,1.66528,0.0721,2.8092,0.201,138,39718648,67108864,11059200,0.202752,0.010239999999999999,1.147904,1.0,0.0
bus-1x,1,0.35,1.0,legacy-opaque,3,1487,0.792832,0.792576,0.792832,0.797696,0.0724,2.784,0.20174999999999998,138,39718648,67108864,11059200,0.202752,0.010239999999999999,0.539648,1.7681627381336777,0.609024
bus-1x,1,0.35,1.0,matched,3,1475,0.32256,0.320512,0.323584,0.347136,0.0439,2.7739,0.1692,73,39718648,67108864,11059200,0.26624,0.010239999999999999,0.0,4.352380952380952,1.081344
bus-1x,1,0.35,1.0,coating,3,1477,0.410624,0.408576,0.41984,0.425984,0.044,2.74865,0.17015,73,39718648,67108864,11059200,0.347136,0.013312,0.0,3.4189526184538654,0.9932799999999999
bus-1x,1,0.35,1.0,opaque,3,1473,0.45568,0.452608,0.456704,0.458752,0.0441,2.7568,0.17020000000000002,73,39718648,67108864,11059200,0.38195199999999996,0.014336,0.0,3.0808988764044947,0.9482240000000001
bus-1x,1,0.35,1.0,overlay,3,1482,0.458752,0.457728,0.459776,0.46592,0.0439,2.755,0.1706,73,39718648,67108864,11059200,0.38195199999999996,0.015359999999999999,0.0,3.0558035714285716,0.9431039999999999
bus-1x,1,0.35,1.0,overlay-opaque,3,1485,0.464896,0.452608,0.46592,0.467968,0.0438,2.77,0.1676,73,39718648,67108864,11059200,0.388096,0.015359999999999999,0.0,3.0198237885462555,0.9390080000000001
bus-1x,1,0.35,1.0,matched-pulled,3,1477,0.502784,0.49664,0.502784,0.504832,0.0443,2.74965,0.16705,73,39718648,67108864,11059200,0.43007999999999996,0.014336,0.0,2.7881873727087574,0.899072
bear-1x,1,0.35,1.0,surface,3,247,16.488704,15.975936,16.494592,16.667904,0.0063,16.8555,0.19965,9,2823231768,67108864,11059200,16.4352,0.017408,0.0,7.699528184752917,108.90316800000001
bear-1x,1,0.35,1.0,legacy,3,125,125.391872,123.419648,127.000576,125.730816,0.0089,125.78765,0.2207,10,2823231768,67108864,11059200,15.921152,0.018432,109.083136,1.0,0.0
bear-1x,1,0.35,1.0,legacy-opaque,3,124,125.587456,124.161024,125.93664,125.868032,0.009,126.0611,0.27864999999999995,10,2823231768,67108864,11059200,15.922175999999999,0.018432,109.364224,0.9984426470108607,-0.19558399999999665
bear-1x,1,0.35,1.0,matched,3,245,16.47744,16.231424,16.492544,16.497664,0.0066,16.8655,0.19669999999999999,9,2823231768,67108864,11059200,16.423935999999998,0.017408,0.0,7.609912219373883,108.914432
bear-1x,1,0.35,1.0,coating,3,246,16.47936,16.234624,16.491648,16.4992,0.0066,16.84215,0.1877,9,2823231768,67108864,11059200,16.425984,0.017408,0.0,7.609025593226922,108.912512
bear-1x,1,0.35,1.0,opaque,3,245,16.484352,16.234496,16.494592,16.504832,0.0067,16.8848,0.19849999999999998,9,2823231768,67108864,11059200,16.43008,0.017408,0.0,7.606721331842465,108.90752
bear-1x,1,0.35,1.0,overlay,3,247,16.48128,16.231424,16.489472,16.497664,0.0066,16.8732,0.19175,9,2823231768,67108864,11059200,16.429056,0.018432,0.0,7.608139173656415,108.91059200000001
bear-1x,1,0.35,1.0,overlay-opaque,3,245,16.481792,16.2432,16.48896,16.502784,0.0066,16.9035,0.1929,9,2823231768,67108864,11059200,16.43008,0.018432,0.0,7.607902829983537,108.91008000000001
bear-1x,1,0.35,1.0,matched-pulled,3,213,18.800896,18.638976,18.823168,18.82752,0.0068,19.1696,0.19215,9,2823231768,67108864,11059200,18.742272,0.017408,0.0,6.6694625617842895,106.59097600000001
bus-alpha10,4,0.1,1.0,surface,3,1470,0.372736,0.351232,0.377856,0.403456,0.0379,2.7885999999999997,0.16035,73,39718648,335544320,44236800,0.197632,0.039936,0.0,5.167582417582418,1.5534080000000001
bus-alpha10,4,0.1,1.0,legacy,3,1482,1.92128,1.905664,1.926144,2.202624,0.0724,2.81575,0.2045,138,39718648,335544320,44236800,0.147456,0.045056,1.605632,1.0,0.0
bus-alpha10,4,0.1,1.0,legacy-opaque,3,1481,0.976896,0.973824,0.976896,0.987136,0.0726,2.8121,0.2074,138,39718648,335544320,44236800,0.147456,0.045056,0.6686719999999999,1.9667190775681342,0.9443840000000001
bus-alpha10,4,0.1,1.0,matched,3,1489,0.319488,0.314368,0.321536,0.416768,0.0439,2.7603999999999997,0.16775,73,39718648,335544320,44236800,0.152576,0.040959999999999996,0.0,6.013621794871796,1.601792
bus-alpha10,4,0.1,1.0,coating,3,1481,0.46592,0.462848,0.467968,0.479232,0.0438,2.7613000000000003,0.165,73,39718648,335544320,44236800,0.25190399999999996,0.047104,0.0,4.123626373626374,1.4553600000000002
bus-alpha10,4,0.1,1.0,opaque,3,1480,0.485376,0.485376,0.487424,0.490496,0.0439,2.7939,0.1671,73,39718648,335544320,44236800,0.263168,0.050176,0.0,3.941701680672269,1.433856
bus-alpha10,4,0.1,1.0,overlay,3,1491,0.559104,0.557056,0.562176,0.570368,0.044,2.75655,0.16820000000000002,73,39718648,335544320,44236800,0.35225599999999996,0.049152,0.0,3.4262295081967213,1.362176
bus-alpha10,4,0.1,1.0,overlay-opaque,3,1481,0.534528,0.53248,0.541696,0.544768,0.0437,2.7459,0.1652,73,39718648,335544320,44236800,0.321536,0.050176,0.0,3.578846153846154,1.3844480000000001
bus-alpha10,4,0.1,1.0,matched-pulled,3,1477,0.721152,0.701696,0.736256,0.740352,0.0444,2.7531499999999998,0.16465,73,39718648,335544320,44236800,0.571392,0.033791999999999996,0.0,2.642527511537096,1.185024
bus-alpha70,4,0.7,1.0,surface,3,1470,0.37376,0.35328,0.374784,0.403456,0.0378,2.76035,0.16,73,39718648,335544320,44236800,0.197632,0.039936,0.0,5.126027397260274,1.542144
bus-alpha70,4,0.7,1.0,legacy,3,1499,1.915904,1.91104,1.928192,2.189312,0.0718,2.8129,0.2022,138,39718648,335544320,44236800,0.147456,0.045056,1.602048,1.0,0.0
bus-alpha70,4,0.7,1.0,legacy-opaque,3,1481,0.973056,0.972928,0.974848,0.98304,0.0718,2.81685,0.19995000000000002,138,39718648,335544320,44236800,0.147456,0.045056,0.6656,1.9692145770293383,0.942976
bus-alpha70,4,0.7,1.0,matched,3,1494,0.317696,0.316416,0.318464,0.417792,0.0438,2.77675,0.16849999999999998,73,39718648,335544320,44236800,0.151552,0.039936,0.0,6.054662379421221,1.599488
bus-alpha70,4,0.7,1.0,coating,3,1483,0.468992,0.462848,0.470016,0.482304,0.0439,2.79855,0.1653,73,39718648,335544320,44236800,0.254976,0.048128,0.0,4.076252723311547,1.445888
bus-alpha70,4,0.7,1.0,opaque,3,1483,0.488448,0.482304,0.490496,0.497664,0.0437,2.75725,0.16469999999999999,73,39718648,335544320,44236800,0.264192,0.051199999999999996,0.0,3.9475890985324944,1.428736
bus-alpha70,4,0.7,1.0,overlay,3,1483,0.561152,0.555008,0.564224,0.57856,0.0439,2.7638,0.1693,73,39718648,335544320,44236800,0.354304,0.049152,0.0,3.414233576642336,1.354752
bus-alpha70,4,0.7,1.0,overlay-opaque,3,1494,0.543744,0.538624,0.544768,0.550912,0.0437,2.74595,0.1649,73,39718648,335544320,44236800,0.326656,0.051199999999999996,0.0,3.5235404896421847,1.37216
bus-alpha70,4,0.7,1.0,matched-pulled,3,1470,0.717824,0.717056,0.72192,0.7424,0.0446,2.7923,0.1678,73,39718648,335544320,44236800,0.566272,0.032768,0.0,2.6651196001428064,1.193984
bus-close,4,0.35,0.6,surface,3,1474,0.50688,0.47155199999999997,0.514048,0.555008,0.0388,2.77615,0.1614,73,39718648,335544320,44236800,0.339968,0.041984,0.0,4.181818181818182,1.6127999999999998
bus-close,4,0.35,0.6,legacy,3,1480,2.11968,2.117632,2.19456,2.400256,0.0729,2.7969,0.2034,138,39718648,335544320,44236800,0.27136,0.047104,1.677312,1.0,0.0
bus-close,4,0.35,0.6,legacy-opaque,3,1477,1.386752,1.376256,1.5001600000000002,1.659136,0.073,2.7961,0.20455,138,39718648,335544320,44236800,0.27136,0.047104,0.9431039999999999,1.5285213217648144,0.7329279999999998
bus-close,4,0.35,0.6,matched,3,1473,0.457728,0.45696,0.4608,0.556032,0.0444,2.7403500000000003,0.1638,73,39718648,335544320,44236800,0.293888,0.043008,0.0,4.6386554621848735,1.6627199999999998
bus-close,4,0.35,0.6,coating,3,1484,0.598016,0.59392,0.600064,0.610304,0.0445,2.7456500000000004,0.16505,73,39718648,335544320,44236800,0.40959999999999996,0.046079999999999996,0.0,3.568965517241379,1.5257599999999998
bus-close,4,0.35,0.6,opaque,3,1481,0.62464,0.62464,0.625664,0.635904,0.0446,2.7795,0.1692,73,39718648,335544320,44236800,0.438272,0.046079999999999996,0.0,3.3934426229508197,1.49504
bus-close,4,0.35,0.6,overlay,3,1474,0.741376,0.735488,0.746496,0.751616,0.0445,2.7929000000000004,0.16415,73,39718648,335544320,44236800,0.575488,0.048128,0.0,2.8820048729550987,1.3841919999999996
bus-close,4,0.35,0.6,overlay-opaque,3,1470,0.735232,0.734208,0.743424,0.74752,0.0445,2.8076,0.1668,73,39718648,335544320,44236800,0.566272,0.048128,0.0,2.8802228412256268,1.3824
bus-close,4,0.35,0.6,matched-pulled,3,1478,0.752896,0.743424,0.76416,0.770048,0.0446,2.7419,0.1646,73,39718648,335544320,44236800,0.5959679999999999,0.037888,0.0,2.8126487589255356,1.364736
bus-far,4,0.35,2.5,surface,3,1470,0.484352,0.393216,0.486912,0.497664,0.0379,2.79385,0.159,73,39718648,335544320,44236800,0.28672,0.044031999999999995,0.0,3.3572938689217757,1.14176
bus-far,4,0.35,2.5,legacy,3,1470,1.626112,1.615872,1.626112,1.898496,0.0719,2.8218,0.20279999999999998,138,39718648,335544320,44236800,0.178176,0.043008,1.28256,1.0,0.0
bus-far,4,0.35,2.5,legacy-opaque,3,1497,1.486848,1.474688,1.606144,1.764352,0.0719,2.798,0.1994,138,39718648,335544320,44236800,0.180224,0.043008,1.1417599999999999,1.0867768595041323,0.12902400000000003
bus-far,4,0.35,2.5,matched,3,1470,0.342144,0.338944,0.344064,0.443392,0.0438,2.7579,0.16435,73,39718648,335544320,44236800,0.180224,0.039936,0.0,4.726190476190476,1.282048
bus-far,4,0.35,2.5,coating,3,1496,0.49664,0.494592,0.498688,0.508928,0.0439,2.75245,0.16570000000000001,73,39718648,335544320,44236800,0.293888,0.045056,0.0,3.267080745341615,1.127424
bus-far,4,0.35,2.5,opaque,3,1475,0.518144,0.51712,0.524288,0.525312,0.044,2.75045,0.1675,73,39718648,335544320,44236800,0.30924799999999997,0.047104,0.0,3.1247524752475244,1.1018240000000001
bus-far,4,0.35,2.5,overlay,3,1470,0.528384,0.52224,0.5376,0.539648,0.0439,2.75085,0.166,73,39718648,335544320,44236800,0.30924799999999997,0.049152,0.0,3.0775193798449614,1.097728
bus-far,4,0.35,2.5,overlay-opaque,3,1484,0.525312,0.525312,0.528384,0.531456,0.0439,2.75115,0.16735,73,39718648,335544320,44236800,0.30924799999999997,0.049152,0.0,3.0775193798449614,1.097728
bus-far,4,0.35,2.5,matched-pulled,3,1478,0.612352,0.612352,0.62464,0.621568,0.0445,2.78835,0.166,73,39718648,335544320,44236800,0.429056,0.040959999999999996,0.0,2.6387959866220734,1.00352
intersections-2,4,0.35,1,surface,1,329,0.192512,0.192512,0.192512,0.201728,0.005,2.8373,0.1351,12,2368,268435456,0,0.024576,0.038911999999999995,0.0,1.446808510638298,0.08601600000000001
intersections-2,4,0.35,1,legacy,1,328,0.278528,0.278528,0.278528,0.285696,0.007,2.8509,0.12835000000000002,14,2368,268435456,0,0.037888,0.054272,0.004096,1.0,0.0
intersections-2,4,0.35,1,legacy-opaque,1,336,0.30208,0.30208,0.30208,0.308224,0.007,2.8369999999999997,0.12890000000000001,14,2368,268435456,0,0.041984,0.058367999999999996,0.004096,0.9220338983050846,-0.023552000000000017
intersections-2,4,0.35,1,matched,1,336,0.303104,0.303104,0.303104,0.3072,0.0054,2.8847500000000004,0.127,10,2368,268435456,0,0.043008,0.059392,0.0,0.918918918918919,-0.024575999999999987
intersections-2,4,0.35,1,coating,1,334,0.193536,0.193536,0.193536,0.201728,0.0054,2.8755499999999996,0.1276,10,2368,268435456,0,0.026624,0.038911999999999995,0.0,1.439153439153439,0.08499199999999998
intersections-2,4,0.35,1,opaque,1,335,0.282624,0.282624,0.282624,0.290816,0.0054,2.8677,0.1206,10,2368,268435456,0,0.039936,0.055296,0.0,0.9855072463768116,-0.0040959999999999885
intersections-2,4,0.35,1,overlay,1,324,0.319488,0.319488,0.319488,0.324608,0.0054,2.87125,0.1216,10,2368,335544320,44236800,0.049152,0.06656,0.0,0.8717948717948718,-0.040959999999999996
intersections-2,4,0.35,1,overlay-opaque,1,338,0.241664,0.241664,0.241664,0.856064,0.0053,2.88625,0.11895,10,2368,335544320,44236800,0.034816,0.049152,0.0,1.152542372881356,0.03686400000000001
intersections-2,4,0.35,1,matched-pulled,1,340,0.29184,0.29184,0.29184,0.29696,0.0056,2.8524000000000003,0.1261,10,2368,335544320,44236800,0.041984,0.057344,0.0,0.9543859649122808,-0.01331199999999999
