run,case,method,submitted_markers,frames,gpu_ms,gpu_ms_minimum,gpu_ms_maximum,point_and_resolve_ms,surface_ms,cpu_submit_ms,color_pixel_changes,id_sample_changes
vertex-beartrap-fit,surface_1,all,38414391,60,59.866624,59.40736,60.278784,45.052415999999994,14.796288,0.1895,0,0
vertex-beartrap-fit,surface_1,frustum,38414391,60,59.78368,59.669504,60.289536,45.018112,14.794751999999999,0.2017,0,0
vertex-beartrap-fit,surface_1,conservative,21760828,74,40.858624,40.753152,41.166848,25.94304,14.963712,0.1895,0,0
vertex-beartrap-fit,surface_1,center,12071603,102,28.971007999999998,28.951552,29.198847999999998,13.821952,15.149056,0.1875,0,41
vertex-beartrap-fit,surface_1,oracle,140055,187,15.49824,15.255552,15.670271999999999,0.104448,15.392767999999998,0.1773,0,0
vertex-beartrap-fit,surface_4,all,38414391,60,100.80409599999999,100.33971199999999,100.948992,86.084608,14.685696,0.2,0,0
vertex-beartrap-fit,surface_4,frustum,38414391,60,100.527616,100.442112,101.401088,85.91308799999999,14.602751999999999,0.19565,0,0
vertex-beartrap-fit,surface_4,conservative,27632178,60,87.292416,86.831104,87.41888,72.538112,14.686207999999999,0.1982,0,0
vertex-beartrap-fit,surface_4,center,12071603,60,51.859455999999994,51.67308799999999,52.010496,37.081599999999995,14.831104,0.1931,11,5145
vertex-beartrap-fit,surface_4,oracle,88768,187,15.614463999999998,15.489023999999999,15.616,0.094208,15.519744,0.17395,0,0
vertex-beartrap-fit,surface_8,all,38414391,60,197.11334399999998,197.001216,197.147648,182.381568,14.685696,0.20215,0,0
vertex-beartrap-fit,surface_8,frustum,38414391,60,197.021184,196.99660799999998,197.245952,182.33651199999997,14.685184,0.1974,0,0
vertex-beartrap-fit,surface_8,conservative,31888567,60,187.91321599999998,187.75091199999997,187.987968,173.2224,14.686207999999999,0.19465,0,0
vertex-beartrap-fit,surface_8,center,12071603,60,106.97267199999999,106.86207999999999,106.977792,92.286464,14.685696,0.20245,8,15302
vertex-beartrap-fit,surface_8,oracle,68882,186,15.82592,15.698944,15.82592,0.1792,15.646719999999998,0.17170000000000002,0,0
vertex-beartrap-fit,points_1,all,38414391,66,46.013951999999996,45.702144,46.027263999999995,46.013951999999996,0.0,0.183,0,0
vertex-beartrap-fit,points_1,frustum,38414391,66,46.163456,46.055424,46.427136,46.163456,0.0,0.18080000000000002,0,0
vertex-beartrap-fit,points_1,conservative,38414391,66,46.0672,46.055424,46.244352,46.0672,0.0,0.19125,0,0
vertex-beartrap-fit,points_1,center,38414391,66,46.12096,46.056448,46.261759999999995,46.12096,0.0,0.18480000000000002,0,0
vertex-beartrap-fit,points_1,oracle,142775,9873,0.106496,0.106496,0.106496,0.106496,0.0,0.0775,0,0
vertex-beartrap-fit,points_4,all,38414391,60,100.235776,99.733504,100.238336,100.235776,0.0,0.1904,0,0
vertex-beartrap-fit,points_4,frustum,38414391,60,100.36223999999999,99.734016,100.399104,100.36223999999999,0.0,0.1914,0,0
vertex-beartrap-fit,points_4,conservative,38414391,60,100.35353599999999,100.271104,100.429824,100.35353599999999,0.0,0.188,0,0
vertex-beartrap-fit,points_4,center,38414391,60,100.361728,100.348928,100.39295999999999,100.361728,0.0,0.18455,0,0
vertex-beartrap-fit,points_4,oracle,88768,10429,0.09215999999999999,0.091136,0.09215999999999999,0.09215999999999999,0.0,0.0778,0,0
vertex-beartrap-fit,points_8,all,38414391,60,222.155264,221.41951999999998,225.004032,222.155264,0.0,0.19765,0,0
vertex-beartrap-fit,points_8,frustum,38414391,60,222.60224,222.230528,226.885632,222.60224,0.0,0.19445,0,0
vertex-beartrap-fit,points_8,conservative,38414391,60,222.592512,222.16089599999998,222.703616,222.592512,0.0,0.1951,0,0
vertex-beartrap-fit,points_8,center,38414391,60,222.539264,222.48038400000002,222.625792,222.539264,0.0,0.1993,0,0
vertex-beartrap-fit,points_8,oracle,68882,7919,0.172032,0.169984,0.172032,0.172032,0.0,0.0777,0,0
vertex-beartrap-close,surface_4,all,38414391,60,74.83238399999999,70.501376,76.923904,59.400192,15.565311999999999,0.21815,0,0
vertex-beartrap-close,surface_4,frustum,37661252,60,72.079872,70.09894399999999,74.211328,57.634304,14.240255999999999,0.21865,0,0
vertex-beartrap-close,surface_4,conservative,14459948,67,44.52352,43.421696,47.353856,29.684735999999997,14.52032,0.1968,0,0
vertex-beartrap-close,surface_4,center,7457313,94,31.662591999999997,31.168,33.145855999999995,16.242176,15.07584,0.2029,3760,208829
vertex-beartrap-close,surface_4,oracle,649935,172,17.257472,16.166912,17.842688,0.6543359999999999,16.594943999999998,0.20475,0,0
vertex-beartrap-close,points_4,all,38414391,60,71.373312,70.98624,71.45164799999999,71.373312,0.0,0.19945000000000002,0,0
vertex-beartrap-close,points_4,frustum,37661252,60,71.183872,70.963712,71.613952,71.183872,0.0,0.1904,0,0
vertex-beartrap-close,points_4,conservative,37661252,60,71.712768,71.100928,73.985536,71.712768,0.0,0.19795000000000001,0,0
vertex-beartrap-close,points_4,center,37646865,60,71.391744,70.68415999999999,71.460352,71.391744,0.0,0.19774999999999998,2,8187
vertex-beartrap-close,points_4,oracle,654980,2975,0.6911999999999999,0.684544,0.693248,0.6911999999999999,0.0,0.11705,0,0
vertex-san-miguel-fit,surface_4,all,9021669,138,17.049087999999998,16.54016,18.101248,14.81984,1.950208,3.92985,0,0
vertex-san-miguel-fit,surface_4,frustum,9021669,134,17.491456,16.933888,17.788928,15.505408,1.959936,3.8495,0,0
vertex-san-miguel-fit,surface_4,conservative,2226156,273,7.735296,7.426048,7.870463999999999,5.4835199999999995,1.9496959999999999,2.5235,0,0
vertex-san-miguel-fit,surface_4,center,720080,381,4.70528,4.460544,4.863488,2.509824,1.9496959999999999,2.2557,282,983
vertex-san-miguel-fit,surface_4,oracle,3233,577,1.9681279999999999,1.967104,1.9865599999999999,0.018432,1.9496959999999999,2.4946,0,0
vertex-san-miguel-fit,points_4,all,9021669,136,18.89792,18.894848,18.93376,18.89792,0.0,2.17255,0,0
vertex-san-miguel-fit,points_4,frustum,9021669,133,18.980864,18.935296,21.229568,18.980864,0.0,2.0912,0,0
vertex-san-miguel-fit,points_4,conservative,9021669,131,19.210752,19.003391999999998,21.035007999999998,19.21024,0.0,2.1606,0,0
vertex-san-miguel-fit,points_4,center,9021669,132,20.579327999999997,19.026944,20.73088,20.579327999999997,0.0,2.6149,0,0
vertex-san-miguel-fit,points_4,oracle,8915,4573,0.033791999999999996,0.033791999999999996,0.033791999999999996,0.033791999999999996,0.0,0.40774999999999995,0,0
