model,variant,metric,median,minimum,maximum
tiny,legacy,attribute_allocate_ms,0.0025,0.0024,0.0027
tiny,legacy,chunks,1,1,1
tiny,legacy,merge_execute_ms,0.0037,0.0037,0.0042
tiny,legacy,merge_ms,0.0316,0.0307,0.0391
tiny,legacy,residual_ms,0.5174000000000001,0.5062000000000001,0.5723999999999999
tiny,legacy,scan_ms,0.1771,0.1695,0.2819
tiny,legacy,total_ms,0.7252,0.7204,0.8934
tiny,legacy,worker_decode_ms_sum,0.0724,0.0696,0.1116
tiny,legacy,worker_input_ms_sum,0.0823,0.082,0.1178
tiny,legacy,workers,1,1,1
tiny,before,attribute_allocate_ms,0.0009,0.0009,0.001
tiny,before,chunks,1,1,1
tiny,before,merge_execute_ms,0.0043,0.0041,0.0046
tiny,before,merge_ms,0.0279,0.0271,0.0291
tiny,before,residual_ms,0.3504,0.3308,0.5037
tiny,before,scan_ms,0.1688,0.1618,0.2282
tiny,before,total_ms,0.5528,0.5275,0.761
tiny,before,workers,1,1,1
tiny,prototype,attribute_allocate_ms,0.0029,0.0027,0.0034
tiny,prototype,chunks,1,1,1
tiny,prototype,merge_execute_ms,0.0087,0.0084,0.0114
tiny,prototype,merge_ms,0.0341,0.0331,0.0487
tiny,prototype,residual_ms,0.3433999999999999,0.32710000000000006,0.4357999999999999
tiny,prototype,scan_ms,0.1776,0.1509,0.2428
tiny,prototype,total_ms,0.5537,0.5294,0.7273
tiny,prototype,worker_decode_ms_sum,0.04,0.0393,0.0559
tiny,prototype,worker_input_ms_sum,0.0835,0.0584,0.1083
tiny,prototype,workers,1,1,1
quads,legacy,attribute_allocate_ms,0.0126,0.0125,0.0136
quads,legacy,chunks,16,16,16
quads,legacy,merge_execute_ms,2.2339,1.9667,2.3341
quads,legacy,merge_ms,2.3199,2.051,2.4229
quads,legacy,residual_ms,4.250200000000001,3.2587999999999977,7.455400000000001
quads,legacy,scan_ms,17.6586,16.6595,18.7382
quads,legacy,total_ms,24.3592,22.4378,27.2056
quads,legacy,worker_decode_ms_sum,113.5892,96.6434,166.5215
quads,legacy,worker_input_ms_sum,93.5809,11.6498,144.0321
quads,legacy,workers,16,16,16
quads,before,attribute_allocate_ms,1.0906,1.0775,1.1119
quads,before,chunks,4,4,4
quads,before,merge_execute_ms,2.4643,2.4312,2.682
quads,before,merge_ms,3.6167,3.5842,3.8547
quads,before,residual_ms,1.6468999999999978,1.6257999999999995,1.762100000000005
quads,before,scan_ms,34.2859,33.3212,35.687
quads,before,total_ms,39.7664,38.7923,41.0354
quads,before,workers,4,4,4
quads,prototype,attribute_allocate_ms,0.0032,0.0031,0.0034
quads,prototype,chunks,16,16,16
quads,prototype,merge_execute_ms,2.2397,2.1819,2.3185
quads,prototype,merge_ms,2.3235,2.2456,2.3826
quads,prototype,residual_ms,1.9847999999999995,1.900800000000003,2.0928000000000004
quads,prototype,scan_ms,17.7675,16.7794,18.5591
quads,prototype,total_ms,21.9918,21.0098,23.0345
quads,prototype,worker_decode_ms_sum,159.6411,149.4454,173.5804
quads,prototype,worker_input_ms_sum,9.3585,8.5557,10.4045
quads,prototype,workers,16,16,16
lines,legacy,attribute_allocate_ms,0.0129,0.0114,0.0142
lines,legacy,chunks,16,16,16
lines,legacy,merge_execute_ms,0.8896,0.7854,1.0912
lines,legacy,merge_ms,0.9578,0.8569,1.152
lines,legacy,residual_ms,2.3754999999999997,2.2800000000000007,2.840300000000001
lines,legacy,scan_ms,10.4829,8.3113,15.58
lines,legacy,total_ms,13.8162,11.4482,19.015
lines,legacy,worker_decode_ms_sum,57.5897,41.9724,70.2802
lines,legacy,worker_input_ms_sum,27.8416,10.8084,65.4327
lines,legacy,workers,16,16,16
lines,before,attribute_allocate_ms,0.9153,0.9045,0.96
lines,before,chunks,2,2,2
lines,before,merge_execute_ms,1.4143,1.3829,1.5894
lines,before,merge_ms,2.4009,2.3367,2.5549
lines,before,residual_ms,0.8819999999999961,0.8361999999999981,0.9629999999999974
lines,before,scan_ms,30.9461,30.0542,31.7601
lines,before,total_ms,34.253,33.5721,34.9972
lines,before,workers,2,2,2
lines,prototype,attribute_allocate_ms,0.0031,0.003,0.0045
lines,prototype,chunks,16,16,16
lines,prototype,merge_execute_ms,1.3962,1.2435,1.5991
lines,prototype,merge_ms,1.4623,1.2983,1.6607
lines,prototype,residual_ms,1.5077999999999996,1.4264000000000003,2.3762999999999996
lines,prototype,scan_ms,9.4935,9.2644,10.4971
lines,prototype,total_ms,12.8235,12.0503,13.6394
lines,prototype,worker_decode_ms_sum,74.3258,65.1245,82.1421
lines,prototype,worker_input_ms_sum,5.3896,5.0441,5.8197
lines,prototype,workers,16,16,16
bus,legacy,attribute_allocate_ms,0.0298,0.0256,0.0567
bus,legacy,chunks,16,16,16
bus,legacy,merge_execute_ms,4.3261,4.0689,5.1691
bus,legacy,merge_ms,4.7642,4.5398,5.5981
bus,legacy,residual_ms,9.096900000000005,5.28660000000001,9.340000000000003
bus,legacy,scan_ms,68.2075,56.4011,76.6852
bus,legacy,total_ms,78.1774,71.2441,90.8698
bus,legacy,worker_decode_ms_sum,430.1779,418.1228,565.2392
bus,legacy,worker_input_ms_sum,78.2381,59.243,666.6625
bus,legacy,workers,16,16,16
bus,before,attribute_allocate_ms,4.1679,4.1322,4.4637
bus,before,chunks,19,19,19
bus,before,merge_execute_ms,5.3251,4.8801,5.6256
bus,before,merge_ms,9.9868,9.5623,10.3184
bus,before,residual_ms,3.862200000000003,3.825499999999998,4.026000000000003
bus,before,scan_ms,77.2235,74.1133,78.0707
bus,before,total_ms,91.0725,88.3141,92.1697
bus,before,workers,16,16,16
bus,prototype,attribute_allocate_ms,1.9179,1.886,2.0024
bus,prototype,chunks,16,16,16
bus,prototype,merge_execute_ms,5.1699,4.9043,5.296
bus,prototype,merge_ms,7.5249,7.3344,7.6768
bus,prototype,residual_ms,3.8614999999999995,3.7979999999999974,3.8838000000000017
bus,prototype,scan_ms,49.4659,46.1991,52.9012
bus,prototype,total_ms,60.8768,57.4274,64.0528
bus,prototype,worker_decode_ms_sum,585.5072,582.8481,589.2094
bus,prototype,worker_input_ms_sum,56.6756,51.3505,59.2316
bus,prototype,workers,16,16,16
cloud,legacy,attribute_allocate_ms,0.0164,0.0139,0.0228
cloud,legacy,chunks,16,16,16
cloud,legacy,merge_execute_ms,25.1417,25.0573,28.9041
cloud,legacy,merge_ms,25.2116,25.1567,29.0126
cloud,legacy,residual_ms,35.066100000000006,22.33720000000003,44.386199999999995
cloud,legacy,scan_ms,312.207,280.5229,323.8388
cloud,legacy,total_ms,372.5342,328.5283,380.5835
cloud,legacy,worker_decode_ms_sum,3789.3915,3545.7561,3853.8318
cloud,legacy,worker_input_ms_sum,120.2559,104.8313,1198.5235
cloud,legacy,workers,16,16,16
cloud,before,attribute_allocate_ms,39.727,39.4366,41.5623
cloud,before,chunks,75,75,75
cloud,before,merge_execute_ms,32.55,32.0886,34.2498
cloud,before,merge_ms,72.1508,71.9642,75.9505
cloud,before,residual_ms,25.09699999999998,24.415599999999984,26.637299999999954
cloud,before,scan_ms,394.3389,374.7513,412.7524
cloud,before,total_ms,490.7187,471.1894,510.0002
cloud,before,workers,16,16,16
cloud,prototype,attribute_allocate_ms,0.0035,0.0032,0.0039
cloud,prototype,chunks,16,16,16
cloud,prototype,merge_execute_ms,58.2155,55.7993,61.9595
cloud,prototype,merge_ms,58.2715,55.8549,62.0109
cloud,prototype,residual_ms,20.099599999999995,19.489299999999957,21.300400000000003
cloud,prototype,scan_ms,260.0203,252.1788,265.8225
cloud,prototype,total_ms,337.6157,329.8621,348.4382
cloud,prototype,worker_decode_ms_sum,3642.7052,3581.4744,3757.6693
cloud,prototype,worker_input_ms_sum,262.6543,212.0892,316.9263
cloud,prototype,workers,16,16,16
bennu,legacy,attribute_allocate_ms,0.0125,0.0122,0.0156
bennu,legacy,chunks,16,16,16
bennu,legacy,merge_execute_ms,98.7302,80.9759,100.313
bennu,legacy,merge_ms,98.8673,81.1161,100.4294
bennu,legacy,residual_ms,106.1483,84.31469999999992,122.54230000000003
bennu,legacy,scan_ms,493.1075,452.1448,566.1121
bennu,legacy,total_ms,698.1231,659.864,740.4168
bennu,legacy,worker_decode_ms_sum,6569.7047,6099.5653,6637.9744
bennu,legacy,worker_input_ms_sum,206.0387,192.3293,2591.4288
bennu,legacy,workers,16,16,16
bennu,before,attribute_allocate_ms,37.846,36.5838,38.761
bennu,before,chunks,195,195,195
bennu,before,merge_execute_ms,87.8135,86.4064,88.7776
bennu,before,merge_ms,125.4141,124.7668,126.8944
bennu,before,residual_ms,61.805000000000064,59.511099999999956,63.52439999999997
bennu,before,scan_ms,647.3578,635.0123,661.4511
bennu,before,total_ms,835.9184,821.1176,850.3896
bennu,before,workers,16,16,16
bennu,prototype,attribute_allocate_ms,0.004,0.0037,0.0042
bennu,prototype,chunks,16,16,16
bennu,prototype,merge_execute_ms,97.8806,94.2441,102.4805
bennu,prototype,merge_ms,97.9816,94.3455,102.5712
bennu,prototype,residual_ms,49.27260000000008,47.044499999999985,51.99369999999996
bennu,prototype,scan_ms,511.9063,499.457,535.2568
bennu,prototype,total_ms,666.4712,640.847,687.5924
bennu,prototype,worker_decode_ms_sum,6730.4189,6633.3607,6807.9967
bennu,prototype,worker_input_ms_sum,709.9882,675.8039,912.1017
bennu,prototype,workers,16,16,16
powerplant,legacy,attribute_allocate_ms,0.0223,0.0199,0.0229
powerplant,legacy,chunks,16,16,16
powerplant,legacy,merge_execute_ms,57.2465,56.9401,59.8615
powerplant,legacy,merge_ms,57.9398,57.6265,60.6631
powerplant,legacy,residual_ms,87.65330000000003,49.33939999999991,104.46419999999996
powerplant,legacy,scan_ms,488.0933,481.0978,944.3789
powerplant,legacy,total_ms,650.338,626.3776,1052.4123
powerplant,legacy,worker_decode_ms_sum,5597.7213,3335.4273,5987.2088
powerplant,legacy,worker_input_ms_sum,221.4682,190.2591,11695.1349
powerplant,legacy,workers,16,16,16
powerplant,before,attribute_allocate_ms,27.2604,26.8953,27.776
powerplant,before,chunks,196,196,196
powerplant,before,merge_execute_ms,63.2889,62.2471,64.2986
powerplant,before,merge_ms,92.1916,90.1461,92.5924
powerplant,before,residual_ms,46.59759999999994,45.90449999999991,49.02470000000005
powerplant,before,scan_ms,586.4911,572.6624,609.3377
powerplant,before,total_ms,728.1082,708.713,748.1269
powerplant,before,workers,16,16,16
powerplant,prototype,attribute_allocate_ms,3.3531,3.3101,3.4551
powerplant,prototype,chunks,16,16,16
powerplant,prototype,merge_execute_ms,67.7588,65.2775,69.7169
powerplant,prototype,merge_ms,71.9569,69.6566,73.9478
powerplant,prototype,residual_ms,35.13840000000002,34.95679999999996,37.17649999999995
powerplant,prototype,scan_ms,509.8016,487.3976,529.6281
powerplant,prototype,total_ms,617.4578,598.5219,634.4752
powerplant,prototype,worker_decode_ms_sum,6453.2878,6350.8667,6625.1361
powerplant,prototype,worker_input_ms_sum,746.5124,539.76,930.2868
powerplant,prototype,workers,16,16,16
positions_4096,legacy,attribute_allocate_ms,0.0083,0.0033,0.0095
positions_4096,legacy,chunks,1,1,1
positions_4096,legacy,merge_execute_ms,0.0602,0.0126,0.0697
positions_4096,legacy,merge_ms,0.0951,0.0464,0.1045
positions_4096,legacy,residual_ms,0.5446000000000002,0.4973000000000001,0.8256999999999999
positions_4096,legacy,scan_ms,3.0687,2.8435,3.1349
positions_4096,legacy,total_ms,3.7259,3.5425,3.9895
positions_4096,legacy,worker_decode_ms_sum,0.8913,0.758,0.9648
positions_4096,legacy,worker_input_ms_sum,2.1368,1.8738,2.1559
positions_4096,legacy,workers,1,1,1
positions_4096,before,attribute_allocate_ms,0.004,0.0039,0.0045
positions_4096,before,chunks,1,1,1
positions_4096,before,merge_execute_ms,0.0164,0.016,0.0165
positions_4096,before,merge_ms,0.0409,0.0394,0.0458
positions_4096,before,residual_ms,0.3305000000000001,0.3122000000000001,0.40030000000000004
positions_4096,before,scan_ms,1.0748,1.049,1.1153
positions_4096,before,total_ms,1.4701,1.4283,1.4902
positions_4096,before,workers,1,1,1
positions_4096,prototype,attribute_allocate_ms,0.0025,0.0025,0.0034
positions_4096,prototype,chunks,1,1,1
positions_4096,prototype,merge_execute_ms,0.0133,0.0124,0.0137
positions_4096,prototype,merge_ms,0.0333,0.0318,0.0387
positions_4096,prototype,residual_ms,0.34450000000000003,0.3132,0.3485
positions_4096,prototype,scan_ms,0.9482,0.8986,0.9639
positions_4096,prototype,total_ms,1.3081,1.2789,1.3427
positions_4096,prototype,worker_decode_ms_sum,0.6998,0.6814,0.735
positions_4096,prototype,worker_input_ms_sum,0.1684,0.1494,0.1953
positions_4096,prototype,workers,1,1,1
positions_16384,legacy,attribute_allocate_ms,0.005,0.0048,0.0079
positions_16384,legacy,chunks,1,1,1
positions_16384,legacy,merge_execute_ms,0.0697,0.0678,0.1061
positions_16384,legacy,merge_ms,0.1035,0.0995,0.1395
positions_16384,legacy,residual_ms,0.5919,0.5259999999999997,0.6769000000000007
positions_16384,legacy,scan_ms,5.3012,3.8676,5.4397
positions_16384,legacy,total_ms,6.0233,4.4971,6.1699
positions_16384,legacy,worker_decode_ms_sum,2.9435,2.836,3.1992
positions_16384,legacy,worker_input_ms_sum,2.316,0.996,2.3441
positions_16384,legacy,workers,1,1,1
positions_16384,before,attribute_allocate_ms,0.0901,0.0217,0.1184
positions_16384,before,chunks,1,1,1
positions_16384,before,merge_execute_ms,0.0559,0.0551,0.085
positions_16384,before,merge_ms,0.1709,0.0983,0.2279
positions_16384,before,residual_ms,0.5215999999999998,0.4412,0.7103999999999999
positions_16384,before,scan_ms,3.7061,3.6129,6.0315
positions_16384,before,total_ms,4.3475,4.2889,6.9698
positions_16384,before,workers,1,1,1
positions_16384,prototype,attribute_allocate_ms,0.0028,0.0026,0.0032
positions_16384,prototype,chunks,1,1,1
positions_16384,prototype,merge_execute_ms,0.1096,0.0374,0.1353
positions_16384,prototype,merge_ms,0.136,0.0582,0.1618
positions_16384,prototype,residual_ms,0.44259999999999994,0.4293999999999999,0.5224
positions_16384,prototype,scan_ms,3.0425,2.918,3.5711
positions_16384,prototype,total_ms,3.6419,3.4986,4.1365
positions_16384,prototype,worker_decode_ms_sum,2.676,2.5767,2.7338
positions_16384,prototype,worker_input_ms_sum,0.323,0.2438,0.8278
positions_16384,prototype,workers,1,1,1
positions_65536,legacy,attribute_allocate_ms,0.0207,0.0196,0.028
positions_65536,legacy,chunks,12,12,12
positions_65536,legacy,merge_execute_ms,0.4531,0.4391,0.5731
positions_65536,legacy,merge_ms,0.5154,0.4901,0.6221
positions_65536,legacy,residual_ms,1.2361999999999997,1.1033999999999993,1.245999999999999
positions_65536,legacy,scan_ms,6.4526,5.0711,7.5315
positions_65536,legacy,total_ms,8.2663,6.8227,9.2225
positions_65536,legacy,worker_decode_ms_sum,17.2093,15.5664,24.208
positions_65536,legacy,worker_input_ms_sum,13.078,7.7656,14.6552
positions_65536,legacy,workers,16,16,16
positions_65536,before,attribute_allocate_ms,0.3663,0.3485,0.3837
positions_65536,before,chunks,1,1,1
positions_65536,before,merge_execute_ms,0.2411,0.2222,0.2504
positions_65536,before,merge_ms,0.6342,0.621,0.6551
positions_65536,before,residual_ms,0.46439999999999937,0.4500999999999995,0.554800000000001
positions_65536,before,scan_ms,14.1376,14.0866,14.2515
positions_65536,before,total_ms,15.2884,15.1661,15.4242
positions_65536,before,workers,1,1,1
positions_65536,prototype,attribute_allocate_ms,0.0028,0.0025,0.0029
positions_65536,prototype,chunks,12,12,12
positions_65536,prototype,merge_execute_ms,0.4775,0.4507,0.489
positions_65536,prototype,merge_ms,0.4962,0.469,0.5099
positions_65536,prototype,residual_ms,0.7467999999999995,0.7051999999999996,0.7735000000000001
positions_65536,prototype,scan_ms,4.8744,4.6037,5.5891
positions_65536,prototype,total_ms,6.156,5.7958,6.8321
positions_65536,prototype,worker_decode_ms_sum,21.1021,19.3969,22.585
positions_65536,prototype,worker_input_ms_sum,1.88,1.6624,2.3223
positions_65536,prototype,workers,12,12,12
positions_262144,legacy,attribute_allocate_ms,0.0224,0.0214,0.0236
positions_262144,legacy,chunks,16,16,16
positions_262144,legacy,merge_execute_ms,0.8509,0.7577,0.9076
positions_262144,legacy,merge_ms,0.912,0.816,0.9637
positions_262144,legacy,residual_ms,2.5769999999999995,2.2999,3.0279000000000016
positions_262144,legacy,scan_ms,11.7807,8.8435,14.0228
positions_262144,legacy,total_ms,14.9926,12.3201,17.8667
positions_262144,legacy,worker_decode_ms_sum,57.7392,44.2273,72.0798
positions_262144,legacy,worker_input_ms_sum,22.9747,9.7456,127.3975
positions_262144,legacy,workers,16,16,16
positions_262144,before,attribute_allocate_ms,1.194,1.1298,1.2823
positions_262144,before,chunks,3,3,3
positions_262144,before,merge_execute_ms,0.5411,0.4978,0.5809
positions_262144,before,merge_ms,1.7785,1.6796,1.8784
positions_262144,before,residual_ms,0.8529999999999991,0.8142000000000003,1.0640999999999965
positions_262144,before,scan_ms,23.9473,21.7099,29.6534
positions_262144,before,total_ms,26.6748,24.2239,32.3349
positions_262144,before,workers,3,3,3
positions_262144,prototype,attribute_allocate_ms,0.0027,0.0025,0.003
positions_262144,prototype,chunks,16,16,16
positions_262144,prototype,merge_execute_ms,1.5398,1.5004,1.8151
positions_262144,prototype,merge_ms,1.5588,1.5192,1.8343
positions_262144,prototype,residual_ms,1.217,1.0309000000000015,1.3721999999999994
positions_262144,prototype,scan_ms,9.6045,9.395,10.1284
positions_262144,prototype,total_ms,12.6733,12.1312,12.9936
positions_262144,prototype,worker_decode_ms_sum,78.394,73.0749,85.8474
positions_262144,prototype,worker_input_ms_sum,8.2486,7.685,9.3279
positions_262144,prototype,workers,16,16,16
negative_seams,legacy,attribute_allocate_ms,0.0288,0.0243,0.0296
negative_seams,legacy,chunks,16,16,16
negative_seams,legacy,merge_execute_ms,1.5958,1.2472,1.7658
negative_seams,legacy,merge_ms,1.6992,1.3495,1.8691
negative_seams,legacy,residual_ms,2.673399999999999,2.3504000000000014,2.7953
negative_seams,legacy,scan_ms,16.1268,11.2243,17.2353
negative_seams,legacy,total_ms,20.4931,15.7548,21.2849
negative_seams,legacy,worker_decode_ms_sum,61.8771,57.0652,88.7081
negative_seams,legacy,worker_input_ms_sum,14.1567,13.4728,42.4916
negative_seams,legacy,workers,16,16,16
negative_seams,before,attribute_allocate_ms,1.5014,1.4279,1.5402
negative_seams,before,chunks,2,2,2
negative_seams,before,merge_execute_ms,1.4863,1.3814,1.5769
negative_seams,before,merge_ms,3.0536,2.9674,3.0746
negative_seams,before,residual_ms,1.1617999999999933,1.1136000000000013,1.236899999999995
negative_seams,before,scan_ms,63.4365,63.1887,63.9978
negative_seams,before,total_ms,67.6037,67.325,68.3093
negative_seams,before,workers,2,2,2
negative_seams,prototype,attribute_allocate_ms,0.7842,0.755,0.8899
negative_seams,prototype,chunks,16,16,16
negative_seams,prototype,merge_execute_ms,1.2749,1.1892,1.7371
negative_seams,prototype,merge_ms,2.0997,2.013,2.7156
negative_seams,prototype,residual_ms,2.279299999999999,2.0856999999999997,2.4976999999999987
negative_seams,prototype,scan_ms,11.6521,11.0165,12.1992
negative_seams,prototype,total_ms,16.3844,15.2019,16.6874
negative_seams,prototype,worker_decode_ms_sum,109.6767,103.7157,112.3554
negative_seams,prototype,worker_input_ms_sum,3.8624,3.6759,4.251
negative_seams,prototype,workers,16,16,16
