run,case,method,id_attachment,markers,submitted_markers,gpu_ms,surface_ms,edge_ms,point_and_resolve_ms,culling_ms,pyramid_ms,classify_ms,scan_ms,scatter_ms,cpu_submit_ms,color_pixel_changes,id_sample_changes
gpu-culling-san-miguel-fit,surface_4,all,True,9021669,9021669,15.858176,1.9343359999999998,0.0,13.923839999999998,0.0,0.0,0.0,0.0,0.0,3.35805,0,0
gpu-culling-san-miguel-fit,surface_4,split,True,9021669,9021669,15.774719999999999,1.9261439999999999,0.0,13.846528,0.001024,0.0,0.0,0.0,0.0,3.4808,0,0
gpu-culling-san-miguel-fit,surface_4,gpu_frustum,True,9021669,9021669,17.046528,1.9343359999999998,0.0,13.944832,1.16736,0.0,0.8919039999999999,0.009216,0.263424,3.939,0,0
gpu-culling-san-miguel-fit,surface_4,gpu_footprint,True,9021669,2226156,8.333312,1.9343359999999998,0.0,5.250048,1.147904,0.043008,0.8959999999999999,0.011264,0.19667199999999999,3.9629,0,0
gpu-culling-san-miguel-fit,points_4,all,True,9021669,9021669,18.117632,0.010239999999999999,0.0,18.107392,0.0,0.0,0.0,0.0,0.0,1.9693999999999998,0,0
gpu-culling-san-miguel-fit,points_4,split,True,9021669,9021669,18.200575999999998,0.012288,0.0,18.187264,0.001024,0.0,0.0,0.0,0.0,1.8747,0,0
gpu-culling-san-miguel-fit,points_4,gpu_frustum,True,9021669,9021669,20.012544,0.012288,0.0,18.7776,1.20064,0.0,0.8919039999999999,0.010239999999999999,0.26651199999999997,2.3554500000000003,0,0
gpu-culling-san-miguel-fit,points_4,gpu_footprint,True,9021669,9021669,19.392512,0.012288,0.0,18.212864,1.166336,0.0,0.890368,0.011264,0.261808,3.5833500000000003,0,0
gpu-culling-beartrap-fit,surface_1,all,True,38414391,38414391,64.31795199999999,14.852096,0.0,49.060863999999995,0.0,0.0,0.0,0.0,0.0,0.2252,0,0
gpu-culling-beartrap-fit,surface_1,split,True,38414391,38414391,64.270848,14.92736,0.0,49.363456,0.001024,0.0,0.0,0.0,0.0,0.22575,0,0
gpu-culling-beartrap-fit,surface_1,gpu_frustum,True,38414391,38414391,70.060544,14.940672,0.0,50.049024,4.771328,0.0,3.6945919999999997,0.018432,1.04664,0.32115,0,0
gpu-culling-beartrap-fit,surface_1,gpu_footprint,True,38414391,21760825,49.340416,15.407103999999999,0.0,28.983296,4.590592,0.039936,3.693568,0.019455999999999998,0.8341759999999999,0.3076,0,0
gpu-culling-beartrap-fit,surface_4,all,True,38414391,38414391,112.923648,15.956992,0.0,96.794112,0.0,0.0,0.0,0.0,0.0,0.2125,0,0
gpu-culling-beartrap-fit,surface_4,split,True,38414391,38414391,105.49606399999999,14.700543999999999,0.0,90.540032,0.001024,0.0,0.0,0.0,0.0,0.2386,0,0
gpu-culling-beartrap-fit,surface_4,gpu_frustum,True,38414391,38414391,111.81312,14.700543999999999,0.0,92.02687999999999,4.7616,0.0,3.6981759999999997,0.018432,1.0362559999999998,0.31105,0,0
gpu-culling-beartrap-fit,surface_4,gpu_footprint,True,38414391,27632170,103.975424,15.7312,0.0,82.787328,4.762112,0.045568,3.7145599999999996,0.018432,0.884976,0.33315,0,0
gpu-culling-beartrap-fit,surface_8,all,True,38414391,38414391,219.84563199999997,16.044032,0.0,203.78009600000001,0.0,0.0,0.0,0.0,0.0,0.21745,0,0
gpu-culling-beartrap-fit,surface_8,split,True,38414391,38414391,206.24128,14.792703999999999,0.0,191.15519999999998,0.001024,0.0,0.0,0.0,0.0,0.2409,0,0
gpu-culling-beartrap-fit,surface_8,gpu_frustum,True,38414391,38414391,213.31302399999998,14.796287999999999,0.0,193.80428799999999,4.747776,0.0,3.700224,0.017408,1.031136,0.2701,0,0
gpu-culling-beartrap-fit,surface_8,gpu_footprint,True,38414391,31888561,215.608832,16.055296,0.0,194.449408,4.930047999999999,0.047616,3.9295999999999998,0.018944,0.934752,0.30284999999999995,0,0
gpu-culling-beartrap-fit,points_1,all,True,38414391,38414391,50.025472,0.010239999999999999,0.0,50.015744,0.0,0.0,0.0,0.0,0.0,0.198,0,0
gpu-culling-beartrap-fit,points_1,split,True,38414391,38414391,50.113535999999996,0.012288,0.0,50.100736,0.001024,0.0,0.0,0.0,0.0,0.2107,0,0
gpu-culling-beartrap-fit,points_1,gpu_frustum,True,38414391,38414391,55.871488,0.012288,0.0,51.124224,4.76416,0.0,3.699712,0.018432,1.041232,0.29795,0,0
gpu-culling-beartrap-fit,points_1,gpu_footprint,True,38414391,38414391,55.847424,0.012288,0.0,51.043328,4.7616,0.0,3.7012479999999996,0.018432,1.04216,0.3194,0,0
gpu-culling-beartrap-fit,points_4,all,True,38414391,38414391,104.68454399999999,0.010239999999999999,0.0,104.67430399999999,0.0,0.0,0.0,0.0,0.0,0.21889999999999998,0,0
gpu-culling-beartrap-fit,points_4,split,True,38414391,38414391,104.784896,0.012288,0.0,104.77158399999999,0.001024,0.0,0.0,0.0,0.0,0.2243,0,0
gpu-culling-beartrap-fit,points_4,gpu_frustum,True,38414391,38414391,110.647296,0.012288,0.0,105.831936,4.748799999999999,0.0,3.70176,0.017408,1.031504,0.2958,0,0
gpu-culling-beartrap-fit,points_4,gpu_footprint,True,38414391,38414391,110.53875199999999,0.012288,0.0,105.56825599999999,4.746751999999999,0.0,3.6976639999999996,0.017408,1.030608,0.2711,0,0
gpu-culling-beartrap-fit,points_8,all,True,38414391,38414391,231.18847999999997,0.010239999999999999,0.0,231.17875199999997,0.0,0.0,0.0,0.0,0.0,0.2148,0,0
gpu-culling-beartrap-fit,points_8,split,True,38414391,38414391,231.137792,0.012288,0.0,231.12499199999996,0.001024,0.0,0.0,0.0,0.0,0.22549999999999998,0,0
gpu-culling-beartrap-fit,points_8,gpu_frustum,True,38414391,38414391,236.17023999999998,0.012288,0.0,231.399424,4.745216,0.0,3.69664,0.017408,1.02992,0.29405000000000003,0,0
gpu-culling-beartrap-fit,points_8,gpu_footprint,True,38414391,38414391,236.207104,0.011776,0.0,231.46342399999997,4.742656,0.0,3.692544,0.017408,1.029888,0.27665,0,0
gpu-culling-beartrap-close,surface_4,all,True,38414391,38414391,71.168,14.416383999999999,0.0,56.52224,0.0,0.0,0.0,0.0,0.0,0.2308,0,0
gpu-culling-beartrap-close,surface_4,split,True,38414391,38414391,70.71488,13.88032,0.0,56.835072,0.001024,0.0,0.0,0.0,0.0,0.21605,0,0
gpu-culling-beartrap-close,surface_4,gpu_frustum,True,38414391,37661252,76.327936,13.90592,0.0,57.511936,4.75904,0.0,3.695616,0.018432,1.04816,0.32585,0,0
gpu-culling-beartrap-close,surface_4,gpu_footprint,True,38414391,14459945,50.074624,14.431232,0.0,30.646272,4.530688,0.054272,3.692544,0.020479999999999998,0.761808,0.32304999999999995,0,0
gpu-culling-beartrap-close,points_4,all,True,38414391,38414391,68.18150399999999,0.009216,0.0,68.171776,0.0,0.0,0.0,0.0,0.0,0.21865,0,0
gpu-culling-beartrap-close,points_4,split,True,38414391,38414391,68.04223999999999,0.009216,0.0,68.02944,0.001024,0.0,0.0,0.0,0.0,0.2192,0,0
gpu-culling-beartrap-close,points_4,gpu_frustum,True,38414391,37661252,73.619968,0.010239999999999999,0.0,68.76364799999999,4.731392,0.0,3.692544,0.018432,1.017456,0.28325,0,0
gpu-culling-beartrap-close,points_4,gpu_footprint,True,38414391,37661252,73.9968,0.009728,0.0,69.265408,4.73344,0.0,3.697152,0.018432,1.01912,0.31275,0,0
gpu-culling-san-miguel-no-ids,surface_4,all,False,9021669,9021669,15.838208,1.953792,0.0,13.884416,0.0,0.0,0.0,0.0,0.0,3.83195,0,0
gpu-culling-san-miguel-no-ids,surface_4,split,False,9021669,9021669,15.840256,1.9527679999999998,0.0,13.88544,0.001024,0.0,0.0,0.0,0.0,4.0168,0,0
gpu-culling-san-miguel-no-ids,surface_4,gpu_frustum,False,9021669,9021669,17.09568,1.9558399999999998,0.0,13.966336,1.1668479999999999,0.0,0.8919039999999999,0.010239999999999999,0.264,4.2668,0,0
gpu-culling-san-miguel-no-ids,surface_4,gpu_footprint,False,9021669,2226156,8.307712,1.9548159999999999,0.0,5.199872,1.148928,0.043008,0.8959999999999999,0.010239999999999999,0.198896,4.443350000000001,0,0
gpu-culling-san-miguel-no-ids,points_4,all,False,9021669,9021669,17.990655999999998,0.008192,0.0,17.98144,0.0,0.0,0.0,0.0,0.0,2.4996,0,0
gpu-culling-san-miguel-no-ids,points_4,split,False,9021669,9021669,17.994752,0.008192,0.0,17.983487999999998,0.002048,0.0,0.0,0.0,0.0,2.1262999999999996,0,0
gpu-culling-san-miguel-no-ids,points_4,gpu_frustum,False,9021669,9021669,19.378176,0.008192,0.0,18.0608,1.2605439999999999,0.0,0.8929279999999999,0.010239999999999999,0.286016,3.4056,0,0
gpu-culling-san-miguel-no-ids,points_4,gpu_footprint,False,9021669,9021669,19.249152,0.008192,0.0,18.071552,1.166336,0.0,0.8919039999999999,0.011264,0.26201599999999997,2.5758,0,0
