model,round,scenario,fps,hover_cpu_p50_ms,query_cpu_p95_ms,picking_gpu_p50_ms,readback_p50_ms,readback_p95_ms,hit_queries,cpu_queries,candidate_points_p50
20190810_BearTrap_Ground_Model.obj,1,fit_gpu_immediate,9.367073991797628,0.0223,0.036629999999999996,1.4863359999999999,319.94685,321.179785,0,0,0.0
20190810_BearTrap_Ground_Model.obj,1,pan_none,9.517675910445014,0.0031,,,,,0,0,
20190810_BearTrap_Ground_Model.obj,1,near_gpu_cluster,11.970077599020556,0.02095,0.0231,1.496064,500.44174999999996,503.509815,0,0,0.0
20190810_BearTrap_Ground_Model.obj,1,zoom_none,9.468386996836896,0.00345,,,,,0,0,
20190810_BearTrap_Ground_Model.obj,1,orbit_cpu,9.42082761593773,2.9446,5.976244999999999,,,,30,30,44326.0
20190810_BearTrap_Ground_Model.obj,1,fit_none,9.461028541210947,0.0034,,,,,0,0,
20190810_BearTrap_Ground_Model.obj,1,fit_cpu,9.47032264473786,0.027450000000000002,6.693094999999996,,,,13,30,0.0
20190810_BearTrap_Ground_Model.obj,1,zoom_gpu_cluster,9.020019934244056,0.020249999999999997,0.022174999999999993,1.502208,665.3932500000001,735.423465,0,0,0.0
20190810_BearTrap_Ground_Model.obj,1,far_gpu_cluster,6.570677536728335,0.0215,0.024299999999999995,1.4965760000000001,913.42485,915.61077,0,0,0.0
20190810_BearTrap_Ground_Model.obj,1,fit_gpu_flat,8.973010530276508,0.0215,0.02405,4.798976,668.6941999999999,671.853715,0,0,0.0
20190810_BearTrap_Ground_Model.obj,1,orbit_gpu_cluster,9.257707736018315,0.0213,0.02070499999999999,1.5001599999999997,645.47215,664.91422,0,0,0.0
20190810_BearTrap_Ground_Model.obj,1,fit_gpu_cluster,9.313000156613619,0.0217,0.031979999999999995,1.5011839999999999,644.59755,647.6505099999999,0,0,0.0
20190810_BearTrap_Ground_Model.obj,1,pan_cpu,9.464274728966833,3.9307999999999996,25.168734999999998,,,,30,30,58257.0
20190810_BearTrap_Ground_Model.obj,1,far_gpu_flat,6.416497550961909,0.02095,0.021654999999999994,4.79232,933.8166,939.432675,0,0,0.0
20190810_BearTrap_Ground_Model.obj,1,zoom_cpu,9.207326810105975,4.09305,10.005569999999999,,,,30,30,63082.5
20190810_BearTrap_Ground_Model.obj,1,fit_gpu_resident,9.352128201467288,0.0202,0.0227,1.5011839999999999,,,0,0,0.0
20190810_BearTrap_Ground_Model.obj,1,pan_gpu_cluster,9.342354019723766,0.02085,0.024369999999999996,1.5001600000000002,641.5799999999999,647.80084,0,0,0.0
20190810_BearTrap_Ground_Model.obj,1,near_none,12.187124000462319,0.0039,,,,,0,0,
20190810_BearTrap_Ground_Model.obj,1,near_cpu,12.10995353410829,1.482,6.475279999999999,,,,37,37,18024
20190810_BearTrap_Ground_Model.obj,1,far_cpu,6.615078316904455,0.0191,39.64082999999995,,,,4,30,0.0
20190810_BearTrap_Ground_Model.obj,1,fit_legacy,0.7259428843818935,1346.7777999999998,1485.7736,,,,0,0,0.0
20190810_BearTrap_Ground_Model.obj,1,orbit_none,9.334569064329555,0.0035,,,,,0,0,
20190810_BearTrap_Ground_Model.obj,1,far_none,6.6385441708038995,0.0037,,,,,0,0,
bennu_OLA_v21_PTM_very-high.obj,1,fit_gpu_immediate,120.88408827722057,0.0201,0.030979999999999994,0.376832,24.6222,25.138019999999997,0,0,0
bennu_OLA_v21_PTM_very-high.obj,1,pan_none,132.8934902973097,0.0028,,,,,0,0,
bennu_OLA_v21_PTM_very-high.obj,1,near_gpu_cluster,126.03807653524187,0.0187,0.0323,0.437248,47.4488,48.18935,0,0,0
bennu_OLA_v21_PTM_very-high.obj,1,zoom_none,132.1601550714662,0.0029,,,,,0,0,
bennu_OLA_v21_PTM_very-high.obj,1,orbit_cpu,132.59252976352488,0.7621,1.025105,,,,398,398,7702.0
bennu_OLA_v21_PTM_very-high.obj,1,fit_none,132.55948348696856,0.0027,,,,,0,0,
bennu_OLA_v21_PTM_very-high.obj,1,fit_cpu,132.21367114670082,0.0303,1.8354599999999996,,,,181,397,0
bennu_OLA_v21_PTM_very-high.obj,1,zoom_gpu_cluster,126.11090732239192,0.0235,0.027019999999999992,0.437248,47.3524,48.04275,0,0,0
bennu_OLA_v21_PTM_very-high.obj,1,far_gpu_cluster,104.45961030909898,0.0199,0.024934999999999995,0.41984,57.27815,58.044525,0,0,0.0
bennu_OLA_v21_PTM_very-high.obj,1,fit_gpu_flat,110.36345411283705,0.0195,0.024445,1.375232,54.1674,54.91625,0,0,0.0
bennu_OLA_v21_PTM_very-high.obj,1,orbit_gpu_cluster,127.4687798838157,0.0183,0.025389999999999996,0.390144,46.8478,47.5173,0,0,0
bennu_OLA_v21_PTM_very-high.obj,1,fit_gpu_cluster,127.78069000174999,0.018,0.026924999999999984,0.388096,46.79055,47.420275000000004,0,0,0.0
bennu_OLA_v21_PTM_very-high.obj,1,pan_cpu,133.8273493366208,0.8046,1.04666,,,,402,402,8452.0
bennu_OLA_v21_PTM_very-high.obj,1,far_gpu_flat,93.78671338264895,0.01885,0.024774999999999995,1.26464,63.81545,64.52977,0,0,0.0
bennu_OLA_v21_PTM_very-high.obj,1,zoom_cpu,132.6749507930554,0.8087,1.69651,,,,399,399,9136
bennu_OLA_v21_PTM_very-high.obj,1,fit_gpu_resident,127.19381020312785,0.019,0.024774999999999995,0.388096,,,0,0,0.0
bennu_OLA_v21_PTM_very-high.obj,1,pan_gpu_cluster,126.87332966765982,0.018,0.0262,0.39116799999999996,47.1061,47.93094,0,0,0
bennu_OLA_v21_PTM_very-high.obj,1,near_none,131.039333484727,0.003,,,,,0,0,
bennu_OLA_v21_PTM_very-high.obj,1,near_cpu,130.77020188323732,0.3828,0.4758799999999999,,,,393,393,3544
bennu_OLA_v21_PTM_very-high.obj,1,far_cpu,109.16245769954764,0.0162,6.74761,,,,36,328,0.0
bennu_OLA_v21_PTM_very-high.obj,1,fit_legacy,3.260391811499882,306.17269999999996,308.141685,,,,0,0,0.0
bennu_OLA_v21_PTM_very-high.obj,1,orbit_none,131.39092966167868,0.0029,,,,,0,0,
bennu_OLA_v21_PTM_very-high.obj,1,far_none,108.16049286573389,0.0031,,,,,0,0,
powerplant.obj,1,fit_gpu_immediate,26.7734254251025,0.0319,0.0495,0.421888,111.8132,112.64412,0,0,0
powerplant.obj,1,pan_none,27.357103711999706,0.0032,,,,,0,0,
powerplant.obj,1,near_gpu_cluster,30.626458210563957,0.0313,0.03703000000000001,0.435712,195.7012,196.679175,0,0,0.0
powerplant.obj,1,zoom_none,26.942595208562132,0.0034,,,,,0,0,
powerplant.obj,1,orbit_cpu,25.24455412686511,0.03445,0.05185,,,,0,76,0.0
powerplant.obj,1,fit_none,27.329434334035014,0.0033,,,,,0,0,
powerplant.obj,1,fit_cpu,27.34467311436488,0.0352,3.2310799999999897,,,,15,83,0
powerplant.obj,1,zoom_gpu_cluster,26.563308832001347,0.03075,0.03873999999999998,0.440832,221.71875,256.85839000000004,0,0,0.0
powerplant.obj,1,far_gpu_cluster,8.537824669281669,0.0323,0.04384499999999999,0.443392,701.6134500000001,704.9651799999999,0,0,0.0
powerplant.obj,1,fit_gpu_flat,26.32317258871409,0.0308,0.03458,1.378304,227.8106,228.7122,0,0,0
powerplant.obj,1,orbit_gpu_cluster,24.958238211941232,0.0306,0.03998,0.44236800000000004,237.6464,250.40913,0,0,0
powerplant.obj,1,fit_gpu_cluster,27.011513657696593,0.0314,0.04709,0.438272,221.99355,223.21735,0,0,0.0
powerplant.obj,1,pan_cpu,27.178134408668264,0.042550000000000004,5.28833,,,,26,82,0.0
powerplant.obj,1,far_gpu_flat,8.473156897728714,0.030699999999999998,0.04216999999999999,1.3726720000000001,707.2523000000001,708.942435,0,0,0.0
powerplant.obj,1,zoom_cpu,26.936902998416507,0.034,0.0494,,,,0,81,0
powerplant.obj,1,fit_gpu_resident,26.994885369052078,0.0288,0.0502,0.4352,,,0,0,0
powerplant.obj,1,pan_gpu_cluster,26.853528324869608,0.0306,0.0447,0.44134399999999996,223.7049,226.71818,0,0,0
powerplant.obj,1,near_none,31.065604773792,0.0036,,,,,0,0,
powerplant.obj,1,near_cpu,31.04961335138659,0.04745,3.681399999999999,,,,33,94,0.0
powerplant.obj,1,far_cpu,8.580046124611957,0.03125,0.21979999999999977,,,,2,30,0.0
powerplant.obj,1,fit_legacy,2.6532594049179594,375.67415,380.771915,,,,0,0,0.0
powerplant.obj,1,orbit_none,25.396439241113498,0.0031,,,,,0,0,
powerplant.obj,1,far_none,8.607011926047864,0.0035,,,,,0,0,
san-miguel.obj,1,fit_gpu_immediate,39.49092677705188,1.011,1.11055,0.360448,74.0542,75.19865,0,0,0
san-miguel.obj,1,pan_none,42.698477584126756,0.003,,,,,0,0,
san-miguel.obj,1,near_gpu_cluster,52.201019409436235,1.0218,1.23416,0.4096,113.0676,114.2533,0,0,0
san-miguel.obj,1,zoom_none,43.06504527875424,0.0031,,,,,0,0,
san-miguel.obj,1,orbit_cpu,42.58049509938421,5.06795,8.637554999999999,,,,128,128,52826.0
san-miguel.obj,1,fit_none,41.18933678491118,0.0037,,,,,0,0,
san-miguel.obj,1,fit_cpu,41.22798620870664,1.1549,6.648469999999993,,,,32,124,52.0
san-miguel.obj,1,zoom_gpu_cluster,41.75654403752839,1.0093,1.1111250000000001,0.417792,134.96915,162.29692,0,0,0.0
san-miguel.obj,1,far_gpu_cluster,26.737832874878528,1.012,1.1178,0.411648,222.7979,224.11936,0,0,0
san-miguel.obj,1,fit_gpu_flat,39.11867871159516,1.0124499999999999,1.1864,1.1264,151.45775,152.89326,0,0,0.0
san-miguel.obj,1,orbit_gpu_cluster,41.72223560718634,1.0114999999999998,1.1577250000000001,0.36454400000000003,142.7962,156.811115,0,0,0.0
san-miguel.obj,1,fit_gpu_cluster,40.31938013984627,1.0082,1.1718,0.36249600000000004,147.1474,147.8915,0,0,0
san-miguel.obj,1,pan_cpu,42.579567323069504,1.37035,7.8704849999999995,,,,75,128,2566.0
san-miguel.obj,1,far_gpu_flat,26.185656703786655,1.0356,1.2466899999999996,1.133568,228.0215,228.65435000000002,0,0,0
san-miguel.obj,1,zoom_cpu,42.91334222715123,8.141,15.96816,,,,129,129,108526
san-miguel.obj,1,fit_gpu_resident,40.307545909045594,0.9962,1.3772,0.362496,,,0,0,0
san-miguel.obj,1,pan_gpu_cluster,41.46398655399209,1.0221,1.1494,0.411648,143.9932,148.3442,0,0,0
san-miguel.obj,1,near_none,53.29998353363634,0.0039,,,,,0,0,
san-miguel.obj,1,near_cpu,53.22152555245274,1.39595,4.135425,,,,95,160,3702.5
san-miguel.obj,1,far_cpu,26.955993442172538,1.1375,1.6785,,,,7,81,0
san-miguel.obj,1,fit_legacy,3.18250589240966,311.6364,317.147525,,,,0,0,0.0
san-miguel.obj,1,orbit_none,42.80824190731757,0.0033,,,,,0,0,
san-miguel.obj,1,far_none,27.192577301864933,0.0038,,,,,0,0,
uploads_files_2720101_BusGameMap.obj,1,fit_gpu_immediate,669.4569704282962,0.0604,0.06417999999999997,0.037888000000000005,4.2241,4.9587,0,0,0
uploads_files_2720101_BusGameMap.obj,1,pan_none,1105.4509931778975,0.002,,,,,0,0,
uploads_files_2720101_BusGameMap.obj,1,near_gpu_cluster,1053.998137936623,0.0393,0.05489499999999998,0.040959999999999996,5.5885,6.158315,0,0,0.0
uploads_files_2720101_BusGameMap.obj,1,zoom_none,1148.736709546172,0.0018,,,,,0,0,
uploads_files_2720101_BusGameMap.obj,1,orbit_cpu,1072.0462393504354,0.0989,0.23607999999999993,,,,3217,3217,1278
uploads_files_2720101_BusGameMap.obj,1,fit_none,1096.811385002159,0.0027,,,,,0,0,
uploads_files_2720101_BusGameMap.obj,1,fit_cpu,1116.2473450795173,0.0442,0.13676,,,,1504,3349,0
uploads_files_2720101_BusGameMap.obj,1,zoom_gpu_cluster,1068.5089845046539,0.0365,0.05143999999999996,0.049951999999999996,5.5287,6.35201,0,0,0
uploads_files_2720101_BusGameMap.obj,1,far_gpu_cluster,684.8830676309199,0.0368,0.0522,0.048032,8.5806,9.114569999999999,0,0,0
uploads_files_2720101_BusGameMap.obj,1,fit_gpu_flat,977.3075975665975,0.0375,0.054,0.094016,6.0189,6.60654,0,0,0.0
uploads_files_2720101_BusGameMap.obj,1,orbit_gpu_cluster,994.9838286804455,0.0425,0.0587,0.0416,5.85535,6.79183,0,0,0.0
uploads_files_2720101_BusGameMap.obj,1,fit_gpu_cluster,1048.0998516230534,0.0354,0.047479999999999974,0.039936,5.6523,6.09,0,0,0
uploads_files_2720101_BusGameMap.obj,1,pan_cpu,1102.5970927901117,0.09825,0.1639949999999999,,,,3190,3308,1247.0
uploads_files_2720101_BusGameMap.obj,1,far_gpu_flat,656.9563780964944,0.0362,0.0512,0.092128,8.9669,9.48629,0,0,0
uploads_files_2720101_BusGameMap.obj,1,zoom_cpu,1136.547404958973,0.0962,0.13410999999999995,,,,3410,3410,1278.0
uploads_files_2720101_BusGameMap.obj,1,fit_gpu_resident,1041.5824373668984,0.0351,0.045579999999999975,0.057344,,,0,0,0
uploads_files_2720101_BusGameMap.obj,1,pan_gpu_cluster,1035.4155093779418,0.0358,0.05296999999999998,0.041984,5.6798,6.33755,0,0,0
uploads_files_2720101_BusGameMap.obj,1,near_none,1121.2608998792011,0.0019,,,,,0,0,
uploads_files_2720101_BusGameMap.obj,1,near_cpu,1122.07749966341,0.07,0.12133999999999996,,,,2896,3367,642
uploads_files_2720101_BusGameMap.obj,1,far_cpu,703.1495300461793,0.0334,0.429465,,,,231,2110,0.0
uploads_files_2720101_BusGameMap.obj,1,fit_legacy,52.27999205743713,18.7934,19.34316,,,,0,0,0
uploads_files_2720101_BusGameMap.obj,1,orbit_none,1074.2281663958431,0.0017,,,,,0,0,
uploads_files_2720101_BusGameMap.obj,1,far_none,712.0998832549396,0.0019,,,,,0,0,
uploads_files_2720101_BusGameMap.obj,2,orbit_cpu,1075.8989013665682,0.0899,0.2174249999999998,,,,3228,3228,1278.0
uploads_files_2720101_BusGameMap.obj,2,zoom_cpu,1138.3616616321267,0.097,0.1322,,,,3416,3416,1278.0
uploads_files_2720101_BusGameMap.obj,2,far_gpu_flat,658.2213260043583,0.0369,0.0522,0.091904,8.9513,9.47223,0,0,0
uploads_files_2720101_BusGameMap.obj,2,pan_none,1106.801624255546,0.0017,,,,,0,0,
uploads_files_2720101_BusGameMap.obj,2,orbit_gpu_cluster,1012.1951349575738,0.0358,0.048419999999999984,0.040959999999999996,5.8168,6.53296,0,0,0
uploads_files_2720101_BusGameMap.obj,2,fit_gpu_cluster,1044.235871318677,0.0358,0.049239999999999964,0.039776,5.68,6.11858,0,0,0
uploads_files_2720101_BusGameMap.obj,2,near_none,1127.5019386334322,0.0019,,,,,0,0,
uploads_files_2720101_BusGameMap.obj,2,pan_cpu,1105.8878261115049,0.09875,0.16372999999999993,,,,3201,3318,1249.5
uploads_files_2720101_BusGameMap.obj,2,far_cpu,705.584489593112,0.0342,0.41125999999999985,,,,230,2117,0
uploads_files_2720101_BusGameMap.obj,2,zoom_gpu_cluster,1062.3609545959657,0.0353,0.04756499999999997,0.041696,5.6172,6.354594999999999,0,0,0.0
uploads_files_2720101_BusGameMap.obj,2,fit_legacy,51.96189980300111,18.82545,20.3053,,,,0,0,0.0
uploads_files_2720101_BusGameMap.obj,2,far_none,713.4983286276657,0.002,,,,,0,0,
uploads_files_2720101_BusGameMap.obj,2,fit_cpu,1111.6186817935693,0.0427,0.1368,,,,1500,3335,0
uploads_files_2720101_BusGameMap.obj,2,orbit_none,1078.9001657713272,0.0017,,,,,0,0,
uploads_files_2720101_BusGameMap.obj,2,fit_gpu_resident,1043.5523281165827,0.0353,0.0473,0.049152,,,0,0,0
uploads_files_2720101_BusGameMap.obj,2,pan_gpu_cluster,1032.1268391570459,0.0353,0.04971999999999998,0.039936,5.6986,6.31138,0,0,0
uploads_files_2720101_BusGameMap.obj,2,fit_gpu_flat,973.5685309587459,0.0355,0.0487,0.09216,6.0601,6.52398,0,0,0
uploads_files_2720101_BusGameMap.obj,2,fit_gpu_immediate,752.0731661560544,0.0368,0.047539999999999964,0.038912,3.7547,4.3631,0,0,0
uploads_files_2720101_BusGameMap.obj,2,near_cpu,1105.5059997946964,0.0709,0.1206,,,,2860,3317,642
uploads_files_2720101_BusGameMap.obj,2,near_gpu_cluster,1045.069139854778,0.0358,0.047424999999999995,0.039936,5.6472,6.11149,0,0,0.0
uploads_files_2720101_BusGameMap.obj,2,fit_none,1090.5227903598586,0.0019,,,,,0,0,
uploads_files_2720101_BusGameMap.obj,2,zoom_none,1122.0848289465494,0.0017,,,,,0,0,
uploads_files_2720101_BusGameMap.obj,2,far_gpu_cluster,675.1434829859177,0.0372,0.05295,0.038912,8.720749999999999,9.251095,0,0,0.0
san-miguel.obj,2,orbit_cpu,42.799150718868134,5.0969,8.6343,,,,129,129,51826
san-miguel.obj,2,zoom_cpu,42.70553254146682,8.1857,15.917,,,,129,129,110583
san-miguel.obj,2,far_gpu_flat,26.157111131830778,1.0189,1.1377399999999998,1.138688,227.6749,228.49785,0,0,0
san-miguel.obj,2,pan_none,42.551465665288845,0.0034,,,,,0,0,
san-miguel.obj,2,orbit_gpu_cluster,41.66526254731882,1.0091,1.13642,0.365568,143.1376,158.24702,0,0,0
san-miguel.obj,2,fit_gpu_cluster,40.260830288122804,1.0379,1.1929,0.36352,147.3618,147.98558,0,0,0
san-miguel.obj,2,near_none,53.09832016826857,0.0037,,,,,0,0,
san-miguel.obj,2,pan_cpu,42.435502098021175,1.3746,8.872594999999995,,,,76,128,2566.0
san-miguel.obj,2,far_cpu,27.07656625553212,1.13965,1.594265,,,,5,82,0.0
san-miguel.obj,2,zoom_gpu_cluster,41.609635047835226,1.01185,1.1483,0.370688,136.5291,160.54116000000002,0,0,0.0
san-miguel.obj,2,fit_legacy,3.197752568330936,310.4087,314.098125,,,,0,0,0.0
san-miguel.obj,2,far_none,27.221255259055226,0.0037,,,,,0,0,
san-miguel.obj,2,fit_cpu,41.29441334875214,1.1607,5.805884999999996,,,,31,124,52.0
san-miguel.obj,2,orbit_none,42.77462052445664,0.0034,,,,,0,0,
san-miguel.obj,2,fit_gpu_resident,40.43236381385629,1.00125,1.08754,0.362496,,,0,0,0.0
san-miguel.obj,2,pan_gpu_cluster,41.83184018563775,1.0159500000000001,1.1515499999999999,0.361472,142.77929999999998,147.40484,0,0,0.0
san-miguel.obj,2,fit_gpu_flat,38.905937115835044,1.0318,1.211059999999999,1.1151360000000001,152.647,153.3406,0,0,0
san-miguel.obj,2,fit_gpu_immediate,39.03219732879519,1.02575,1.4120749999999997,0.362496,74.89699999999999,75.624545,0,0,0.0
san-miguel.obj,2,near_cpu,53.23411558869911,1.4269500000000002,3.90724,,,,94,160,3554.5
san-miguel.obj,2,near_gpu_cluster,51.71426146730598,1.0285,1.3009,0.360448,114.16445,115.10061,0,0,0.0
san-miguel.obj,2,fit_none,41.18115250237605,0.0034,,,,,0,0,
san-miguel.obj,2,zoom_none,42.81377861565928,0.0034,,,,,0,0,
san-miguel.obj,2,far_gpu_cluster,26.749364694332534,1.0247,1.4018,0.36249600000000004,222.4963,223.50614,0,0,0
powerplant.obj,2,orbit_cpu,25.19285879246849,0.03515,0.060425,,,,0,76,0.0
powerplant.obj,2,zoom_cpu,26.91466973108457,0.0351,0.0495,,,,0,81,0
powerplant.obj,2,far_gpu_flat,8.444776943461964,0.03215,0.04176499999999999,1.375232,710.56395,711.980635,0,0,0.0
powerplant.obj,2,pan_none,27.112181079744595,0.0031,,,,,0,0,
powerplant.obj,2,orbit_gpu_cluster,24.893785684619434,0.0311,0.04665,0.442368,237.7317,251.91830000000002,0,0,0
powerplant.obj,2,fit_gpu_cluster,26.941475929886703,0.0311,0.0371,0.43929599999999996,223.2594,224.1125,0,0,0
powerplant.obj,2,near_none,30.830491900166752,0.0033,,,,,0,0,
powerplant.obj,2,pan_cpu,27.039611943317457,0.047850000000000004,5.278385,,,,26,82,0.0
powerplant.obj,2,far_cpu,8.484859969406424,0.03035,0.1189949999999996,,,,2,30,0.0
powerplant.obj,2,zoom_gpu_cluster,26.346188121531277,0.0315,0.04035999999999999,0.431616,223.72805,257.54322,0,0,0.0
powerplant.obj,2,fit_legacy,2.6390877307095995,376.98154999999997,381.93072,,,,0,0,0.0
powerplant.obj,2,far_none,8.575578171197353,0.0038,,,,,0,0,
powerplant.obj,2,fit_cpu,27.289415567213833,0.03395,3.3516250000000043,,,,16,82,0.0
powerplant.obj,2,orbit_none,25.178911071730408,0.0033,,,,,0,0,
powerplant.obj,2,fit_gpu_resident,27.028860428304593,0.03125,0.048490000000000005,0.43212799999999996,,,0,0,0.0
powerplant.obj,2,pan_gpu_cluster,26.86014905260441,0.031,0.0368,0.439296,224.2129,225.4143,0,0,0
powerplant.obj,2,fit_gpu_flat,26.332620597069177,0.0313,0.04394999999999999,1.364992,227.8257,228.8534,0,0,0
powerplant.obj,2,fit_gpu_immediate,26.599423324502325,0.0334,0.05771999999999997,0.440832,112.4209,113.37941500000001,0,0,0.0
powerplant.obj,2,near_cpu,31.067344053748357,0.04435,3.686145,,,,33,94,0.0
powerplant.obj,2,near_gpu_cluster,30.59982746353806,0.039,0.038880000000000005,0.431104,196.0152,196.98288,0,0,0.0
powerplant.obj,2,fit_none,27.234959750881156,0.0034,,,,,0,0,
powerplant.obj,2,zoom_none,26.68611524388984,0.0033,,,,,0,0,
powerplant.obj,2,far_gpu_cluster,8.472929794235746,0.0318,0.038329999999999996,0.443904,709.9396999999999,711.856705,0,0,0.0
bennu_OLA_v21_PTM_very-high.obj,2,orbit_cpu,131.38587752827175,0.7286,0.9152199999999999,,,,395,395,7768
bennu_OLA_v21_PTM_very-high.obj,2,zoom_cpu,130.03379614944322,0.9386,2.0608500000000003,,,,391,391,9136
bennu_OLA_v21_PTM_very-high.obj,2,far_gpu_flat,92.77171355207196,0.0186,0.03105999999999998,1.3404159999999998,64.5463,65.33324999999999,0,0,0
bennu_OLA_v21_PTM_very-high.obj,2,pan_none,130.35917544363025,0.0025,,,,,0,0,
bennu_OLA_v21_PTM_very-high.obj,2,orbit_gpu_cluster,126.36304155042929,0.0196,0.0251,0.391168,47.2954,47.983065,0,0,0.0
bennu_OLA_v21_PTM_very-high.obj,2,fit_gpu_cluster,126.47481701673398,0.0277,0.026205000000000003,0.390144,47.2365,47.94646,0,0,0.0
bennu_OLA_v21_PTM_very-high.obj,2,near_none,129.97446001860635,0.0029,,,,,0,0,
bennu_OLA_v21_PTM_very-high.obj,2,pan_cpu,132.06645783755047,0.7917,1.0611599999999999,,,,397,397,8452
bennu_OLA_v21_PTM_very-high.obj,2,far_cpu,108.58945232676551,0.017349999999999997,6.662625,,,,35,326,0.0
bennu_OLA_v21_PTM_very-high.obj,2,zoom_gpu_cluster,124.35010446073747,0.0196,0.024234999999999996,0.392192,48.03355,49.0578,0,0,0.0
bennu_OLA_v21_PTM_very-high.obj,2,fit_legacy,3.2499176958343527,306.92875,310.170745,,,,0,0,0.0
bennu_OLA_v21_PTM_very-high.obj,2,far_none,108.60463170103904,0.003,,,,,0,0,
bennu_OLA_v21_PTM_very-high.obj,2,fit_cpu,132.0188248868055,0.0262,1.8008799999999998,,,,181,397,0
bennu_OLA_v21_PTM_very-high.obj,2,orbit_none,131.40009529334506,0.0027,,,,,0,0,
bennu_OLA_v21_PTM_very-high.obj,2,fit_gpu_resident,126.66262565239978,0.0175,0.0218,0.390144,,,0,0,0
bennu_OLA_v21_PTM_very-high.obj,2,pan_gpu_cluster,125.8802417340223,0.0178,0.029589999999999984,0.393216,47.488,48.22435,0,0,0.0
bennu_OLA_v21_PTM_very-high.obj,2,fit_gpu_flat,109.65925370111646,0.0195,0.025699999999999983,1.308672,54.5245,55.4229,0,0,0
bennu_OLA_v21_PTM_very-high.obj,2,fit_gpu_immediate,117.43413924202483,0.0214,0.027139999999999997,0.385024,25.3095,26.00798,0,0,0
bennu_OLA_v21_PTM_very-high.obj,2,near_cpu,127.34408711479328,0.3775,0.4708199999999999,,,,383,383,3544
bennu_OLA_v21_PTM_very-high.obj,2,near_gpu_cluster,123.16348267981903,0.018,0.0298,0.397312,48.53445,49.232345,0,0,0.0
bennu_OLA_v21_PTM_very-high.obj,2,fit_none,130.0057362121768,0.0026,,,,,0,0,
bennu_OLA_v21_PTM_very-high.obj,2,zoom_none,128.72794635816666,0.0026,,,,,0,0,
bennu_OLA_v21_PTM_very-high.obj,2,far_gpu_cluster,103.34976184692339,0.0188,0.03175,0.37888,57.9015,58.73462,0,0,0
20190810_BearTrap_Ground_Model.obj,2,orbit_cpu,9.359134804142165,2.9881,6.2411249999999985,,,,30,30,43373.0
20190810_BearTrap_Ground_Model.obj,2,zoom_cpu,9.19162591406124,4.2947,9.890085,,,,30,30,63815.5
20190810_BearTrap_Ground_Model.obj,2,far_gpu_flat,6.372730288380491,0.0236,0.032535,4.815872,942.29355,944.8605650000001,0,0,0.0
20190810_BearTrap_Ground_Model.obj,2,pan_none,9.375181644144355,0.0033,,,,,0,0,
20190810_BearTrap_Ground_Model.obj,2,orbit_gpu_cluster,9.205270631121026,0.02055,0.023474999999999996,1.508864,651.41025,666.78765,0,0,0.0
20190810_BearTrap_Ground_Model.obj,2,fit_gpu_cluster,9.30411197089376,0.0208,0.024539999999999996,1.5047679999999999,645.1268500000001,646.515845,0,0,0.0
20190810_BearTrap_Ground_Model.obj,2,near_none,12.085472380286047,0.0035,,,,,0,0,
20190810_BearTrap_Ground_Model.obj,2,pan_cpu,9.425866985746927,4.16385,25.10557,,,,30,30,61400.5
20190810_BearTrap_Ground_Model.obj,2,far_cpu,6.62015288404533,0.019049999999999997,46.331894999999996,,,,3,30,0.0
20190810_BearTrap_Ground_Model.obj,2,zoom_gpu_cluster,9.019634300731203,0.02105,0.036174999999999964,1.511424,672.80845,741.83072,0,0,0.0
20190810_BearTrap_Ground_Model.obj,2,fit_legacy,0.758945203283536,1315.4542000000001,1327.72354,,,,0,0,0.0
20190810_BearTrap_Ground_Model.obj,2,far_none,6.654963543555128,0.0038,,,,,0,0,
20190810_BearTrap_Ground_Model.obj,2,fit_cpu,9.490348363166401,0.0361,7.648039999999991,,,,13,30,0.0
20190810_BearTrap_Ground_Model.obj,2,orbit_none,9.328413610914168,0.0033,,,,,0,0,
20190810_BearTrap_Ground_Model.obj,2,fit_gpu_resident,9.303005782562334,0.0215,0.02611499999999999,1.50272,,,0,0,0.0
20190810_BearTrap_Ground_Model.obj,2,pan_gpu_cluster,9.287739654255223,0.0236,0.02649499999999999,1.5098880000000001,645.2095999999999,649.8963699999999,0,0,0.0
20190810_BearTrap_Ground_Model.obj,2,fit_gpu_flat,8.91138968577341,0.0213,0.03441999999999999,4.927488,673.1824,675.984715,0,0,0.0
20190810_BearTrap_Ground_Model.obj,2,fit_gpu_immediate,9.253631965721587,0.0222,0.03769499999999999,1.3306879999999999,324.24530000000004,325.35263,0,0,0.0
20190810_BearTrap_Ground_Model.obj,2,near_cpu,12.083809514353982,1.5339,5.438679999999994,,,,37,37,21685
20190810_BearTrap_Ground_Model.obj,2,near_gpu_cluster,11.825370419052694,0.02105,0.027775,1.513472,507.53085,508.993655,0,0,0.0
20190810_BearTrap_Ground_Model.obj,2,fit_none,9.436459364954594,0.0037,,,,,0,0,
20190810_BearTrap_Ground_Model.obj,2,zoom_none,9.205166688232326,0.0034,,,,,0,0,
20190810_BearTrap_Ground_Model.obj,2,far_gpu_cluster,6.557693825209917,0.02175,0.026194999999999993,1.503232,914.0918,915.71901,0,0,0.0
20190810_BearTrap_Ground_Model.obj,1,far_center_cpu,6.655301186986278,63.33735,65.240885,,,,30,30,1015980.0
20190810_BearTrap_Ground_Model.obj,1,solid_none,8.78568790354861,0.0036,,,,,0,0,
20190810_BearTrap_Ground_Model.obj,1,alpha_gpu_cluster,5.398205949438352,0.0205,0.024055,1.4981119999999999,1112.1004,1112.79031,0,0,0.0
20190810_BearTrap_Ground_Model.obj,1,solid_cpu,8.721885329710378,0.026500000000000003,10.125359999999986,,,,12,30,0.0
20190810_BearTrap_Ground_Model.obj,1,center_none,9.428517739897556,0.0032,,,,,0,0,
20190810_BearTrap_Ground_Model.obj,1,alpha_none,5.4113895246970944,0.0034,,,,,0,0,
20190810_BearTrap_Ground_Model.obj,1,depth_none,9.555227719231482,0.0036,,,,,0,0,
20190810_BearTrap_Ground_Model.obj,1,depth_gpu_cluster,9.41806380242208,0.020749999999999998,0.034749999999999996,1.503232,637.2387000000001,639.4864799999999,0,0,0.0
20190810_BearTrap_Ground_Model.obj,1,center_gpu_cluster,9.28650310782113,0.0206,0.02058499999999998,1.508352,645.49485,646.5197999999999,0,0,0.0
20190810_BearTrap_Ground_Model.obj,1,far_center_none,6.595114365658377,0.0034,,,,,0,0,
20190810_BearTrap_Ground_Model.obj,1,alpha_cpu,5.389076503599498,0.02385,16.66788999999999,,,,12,30,0.0
20190810_BearTrap_Ground_Model.obj,1,far_center_gpu_cluster,6.519894992309893,0.0204,0.02992499999999999,1.609728,920.09455,923.04971,0,0,0.0
20190810_BearTrap_Ground_Model.obj,1,center_cpu,9.37968925839862,3.3211,3.6543099999999997,,,,30,30,48645.0
20190810_BearTrap_Ground_Model.obj,1,depth_cpu,9.533873056480253,0.0345,8.387229999999995,,,,13,30,0.0
20190810_BearTrap_Ground_Model.obj,1,solid_gpu_cluster,8.531918961103495,0.0205,0.018599999999999995,1.505792,703.5370499999999,707.2352050000001,0,0,0.0
bennu_OLA_v21_PTM_very-high.obj,1,far_center_cpu,110.11346610511238,6.566,8.20965,,,,331,331,78800
bennu_OLA_v21_PTM_very-high.obj,1,solid_none,85.87348831456536,0.0037,,,,,0,0,
bennu_OLA_v21_PTM_very-high.obj,1,alpha_gpu_cluster,84.37887283246788,0.025500000000000002,0.0278,0.427008,70.91919999999999,71.7186,0,0,0.0
bennu_OLA_v21_PTM_very-high.obj,1,solid_cpu,85.52144270480963,0.0415,1.8187799999999976,,,,117,257,0
bennu_OLA_v21_PTM_very-high.obj,1,center_none,133.8701504164344,0.0029,,,,,0,0,
bennu_OLA_v21_PTM_very-high.obj,1,alpha_none,87.12613286835025,0.0033,,,,,0,0,
bennu_OLA_v21_PTM_very-high.obj,1,depth_none,133.75354126641113,0.0036,,,,,0,0,
bennu_OLA_v21_PTM_very-high.obj,1,depth_gpu_cluster,126.38112116151434,0.0208,0.025610000000000004,0.43724799999999997,47.3056,47.90582,0,0,0.0
bennu_OLA_v21_PTM_very-high.obj,1,center_gpu_cluster,126.14601910955756,0.0196,0.0247,0.44032,47.361,48.024249999999995,0,0,0
bennu_OLA_v21_PTM_very-high.obj,1,far_center_none,108.63270446216166,0.0032,,,,,0,0,
bennu_OLA_v21_PTM_very-high.obj,1,alpha_cpu,86.43272784548009,0.0329,1.8318149999999982,,,,118,260,0.0
bennu_OLA_v21_PTM_very-high.obj,1,far_center_gpu_cluster,103.60290253358734,0.0187,0.0251,0.432128,57.7953,58.46964,0,0,0
bennu_OLA_v21_PTM_very-high.obj,1,center_cpu,132.64069119797372,0.8652500000000001,1.1152849999999999,,,,398,398,9000.0
bennu_OLA_v21_PTM_very-high.obj,1,depth_cpu,132.52933093865929,0.030600000000000002,1.859324999999999,,,,181,398,0.0
bennu_OLA_v21_PTM_very-high.obj,1,solid_gpu_cluster,81.49039479368844,0.0218,0.02668,0.447488,73.4312,74.231,0,0,0
powerplant.obj,1,far_center_cpu,8.567485569784054,0.033299999999999996,0.036155,,,,0,30,0.0
powerplant.obj,1,solid_none,25.496198235391564,0.0035,,,,,0,0,
powerplant.obj,1,alpha_gpu_cluster,20.05066177702244,0.0351,0.0395,0.43724799999999997,299.7371,300.87988,0,0,0
powerplant.obj,1,solid_cpu,25.554071170079435,0.0375,3.6735600000000015,,,,14,77,0
powerplant.obj,1,center_none,27.267876795086725,0.0035,,,,,0,0,
powerplant.obj,1,alpha_none,20.238100925617747,0.0036,,,,,0,0,
powerplant.obj,1,depth_none,45.697187586458334,0.0036,,,,,0,0,
powerplant.obj,1,depth_gpu_cluster,44.714534956415754,0.0427,0.042159999999999996,0.44134399999999996,134.098,135.04346,0,0,0
powerplant.obj,1,center_gpu_cluster,26.80483755176395,0.0326,0.0413,0.43929599999999996,224.4036,225.24626,0,0,0
powerplant.obj,1,far_center_none,8.518520527206691,0.0036,,,,,0,0,
powerplant.obj,1,alpha_cpu,20.14658057537379,0.0323,3.9359,,,,13,61,0
powerplant.obj,1,far_center_gpu_cluster,8.47649641312816,0.03505,0.04241999999999999,0.43264,708.3153,710.3563350000001,0,0,0.0
powerplant.obj,1,center_cpu,27.207300050399862,0.03465,0.040670000000000005,,,,0,82,0.0
powerplant.obj,1,depth_cpu,45.736846952810744,0.04065,3.4785400000000024,,,,27,138,0.0
powerplant.obj,1,solid_gpu_cluster,25.183662629051774,0.03075,0.03765,0.422912,238.1028,239.94665,0,0,0.0
san-miguel.obj,1,far_center_cpu,17.8364380791702,54.21565,55.398865,,,,54,54,864919.0
san-miguel.obj,1,solid_none,38.81482610908141,0.0033,,,,,0,0,
san-miguel.obj,1,alpha_gpu_cluster,25.16616123522407,1.03585,1.24435,0.41728,236.72305,237.675375,0,0,0.0
san-miguel.obj,1,solid_cpu,38.73587555891399,1.1259,6.391979999999998,,,,29,117,52
san-miguel.obj,1,center_none,41.01027082389105,0.0031,,,,,0,0,
san-miguel.obj,1,alpha_none,25.42424479757216,0.0036,,,,,0,0,
san-miguel.obj,1,depth_none,48.21002654843041,0.0033,,,,,0,0,
san-miguel.obj,1,depth_gpu_cluster,46.90311692168656,1.0102,1.2708,0.4096,126.302,127.19094,0,0,0
san-miguel.obj,1,center_gpu_cluster,40.07999038610214,1.0072,1.4184,0.417792,147.9505,149.1667,0,0,0
san-miguel.obj,1,far_center_none,26.98249915105063,0.0032,,,,,0,0,
san-miguel.obj,1,alpha_cpu,25.402694566083216,1.1256,5.801640000000008,,,,19,77,52
san-miguel.obj,1,far_center_gpu_cluster,26.559151679448036,1.0224,1.307575,0.49254400000000004,224.2894,225.243745,0,0,0.0
san-miguel.obj,1,center_cpu,40.96064228418387,8.6755,9.169149999999998,,,,123,123,118452
san-miguel.obj,1,depth_cpu,48.02166790645366,1.144,6.312239999999981,,,,35,145,52
san-miguel.obj,1,solid_gpu_cluster,37.62888225170166,1.0224,1.4089599999999998,0.41676799999999997,157.9152,158.87204,0,0,0
uploads_files_2720101_BusGameMap.obj,1,far_center_cpu,695.6861064287793,0.40115,0.50156,,,,2088,2088,5483.0
uploads_files_2720101_BusGameMap.obj,1,solid_none,875.8815828089732,0.002,,,,,0,0,
uploads_files_2720101_BusGameMap.obj,1,alpha_gpu_cluster,858.4808914017673,0.0357,0.049324999999999994,0.057344,6.83495,7.359765,0,0,0.0
uploads_files_2720101_BusGameMap.obj,1,solid_cpu,877.1133240745446,0.04085,0.1424699999999999,,,,1185,2632,0.0
uploads_files_2720101_BusGameMap.obj,1,center_none,1081.191625150997,0.0017,,,,,0,0,
uploads_files_2720101_BusGameMap.obj,1,alpha_none,908.939217288717,0.0019,,,,,0,0,
uploads_files_2720101_BusGameMap.obj,1,depth_none,1088.4063198749525,0.0018,,,,,0,0,
uploads_files_2720101_BusGameMap.obj,1,depth_gpu_cluster,1000.9148555096247,0.0387,0.06,0.049056,5.8521,6.5585,0,0,0
uploads_files_2720101_BusGameMap.obj,1,center_gpu_cluster,1000.4342657867244,0.0395,0.057994999999999984,0.050176,5.8749,6.4935849999999995,0,0,0.0
uploads_files_2720101_BusGameMap.obj,1,far_center_none,693.811329572445,0.0029,,,,,0,0,
uploads_files_2720101_BusGameMap.obj,1,alpha_cpu,876.9820511006874,0.0651,0.2082,,,,1187,2631,0
uploads_files_2720101_BusGameMap.obj,1,far_center_gpu_cluster,659.703727056179,0.058,0.0633,0.049984,8.8656,9.471905,0,0,0.0
uploads_files_2720101_BusGameMap.obj,1,center_cpu,1052.2793163284284,0.1124,0.1706999999999999,,,,3157,3157,1278
uploads_files_2720101_BusGameMap.obj,1,depth_cpu,1065.3745054647848,0.0552,0.1502199999999999,,,,1447,3197,0
uploads_files_2720101_BusGameMap.obj,1,solid_gpu_cluster,801.8811344864979,0.0394,0.0561,0.050176,7.2757,8.166675000000001,0,0,0.0
