model,scenario,runs,frames,fps,fps_min,fps_max,cpu_ms,gpu_ms,p95_ms,draws,hover_ms
20190810_BearTrap_Ground_Model.obj,points_hover_static,2,60,9.525277692611528,9.444028172669322,9.606527212553733,0.18455000000000155,105.046528,105.7149475,12.0,0.0040999999999999995
20190810_BearTrap_Ground_Model.obj,solid_far,2,403,67.12279265514445,65.91678445407902,68.32880085620988,0.1402000000000001,14.803712,15.431002500000002,10.0,0.00165
20190810_BearTrap_Ground_Model.obj,hidden,2,15897,2649.4286686219466,2487.9693979764047,2810.887939267488,0.07135,0.004608,0.9288724999999998,9.0,0.0011
20190810_BearTrap_Ground_Model.obj,solid_1080p,2,368,61.121633406800754,60.119025040802875,62.12424177279863,0.13424999999999887,16.259072,16.917855,10.0,0.0017
20190810_BearTrap_Ground_Model.obj,solid_near,2,371,61.70937258039259,60.864074291686855,62.554670869098324,0.14622500000000027,16.050176,16.8471025,10.0,0.001725
20190810_BearTrap_Ground_Model.obj,solid_orbit,2,367,61.07295000079247,60.21326206744464,61.932637934140295,0.14520000000000177,16.300544000000002,16.9197,10.0,0.00185
20190810_BearTrap_Ground_Model.obj,solid_fit,2,370,61.402743481645956,61.0194027440757,61.78608421921622,0.142199999999999,16.179968000000002,16.8208525,10.0,0.0015500000000000002
20190810_BearTrap_Ground_Model.obj,points4,2,60,9.485572591764651,9.435352346721523,9.53579283680778,0.16177500000000222,105.56492800000001,106.31749500000001,10.0,0.001875
20190810_BearTrap_Ground_Model.obj,solid_alpha,2,368,61.05820683239318,60.7251156191269,61.39129804565947,0.14190000000000058,16.266752,16.950809999999997,10.0,0.00165
20190810_BearTrap_Ground_Model.obj,points_near,2,74,12.172274441488524,12.105457775083606,12.239091107893442,0.15524999999999523,82.230784,82.80184,10.0,0.00195
20190810_BearTrap_Ground_Model.obj,solid_zoom,2,366,60.878733738844524,60.3274272782028,61.43004019948625,0.14534999999999787,16.350208000000002,16.994259999999997,10.0,0.00165
20190810_BearTrap_Ground_Model.obj,points_orbit,2,60,9.379788711595996,9.35268157903942,9.40689584415257,0.16127499999999628,106.44864000000001,109.67187,10.0,0.0022
20190810_BearTrap_Ground_Model.obj,solid_pane,2,365,60.66887301392849,60.31146439634322,61.02628163151376,0.29884999999999984,16.400128000000002,17.09978,20.0,0.001925
20190810_BearTrap_Ground_Model.obj,points_hover_move,2,60,0.7545222607708135,0.7517526700037167,0.7572918515379105,1322.118375,105.10131200000001,1345.7286199999999,10.5,1321.950025
20190810_BearTrap_Ground_Model.obj,solid_offscreen,2,963,160.2927539473381,157.57367193794462,163.0118359567316,0.12549999999999994,6.1532160000000005,6.751415,10.0,0.0015
20190810_BearTrap_Ground_Model.obj,solid_points,2,60,8.792835902799975,8.786134074648752,8.7995377309512,0.15559999999999974,113.83807999999999,114.867595,11.0,0.0016749999999999998
20190810_BearTrap_Ground_Model.obj,points_keyboard,2,60,0.7513091910894242,0.7512336157450874,0.751384766433761,1329.0407249999998,109.791232,1347.28031,12.0,1328.824525
20190810_BearTrap_Ground_Model.obj,points_zoom,2,60,0.748995464095688,0.7438658792562013,0.7541250489351745,1327.100575,106.672896,1385.691405,12.0,1326.9076
20190810_BearTrap_Ground_Model.obj,solid_vsync,2,366,60.87768027421814,60.09229911542808,61.66306143300821,0.14634999999999998,16.402943999999998,21.346890000000002,10.0,0.00165
20190810_BearTrap_Ground_Model.obj,solid_selected,2,365,60.727445732790045,60.151529345987036,61.30336211959306,0.3533000000000013,16.391424,17.198475000000002,15.0,0.0020499999999999997
20190810_BearTrap_Ground_Model.obj,edges,2,60,6.324919882188585,6.321286331198108,6.328553433179062,0.15774999999999295,158.084352,159.3555925,10.0,0.001875
20190810_BearTrap_Ground_Model.obj,points_far,2,60,6.651907141505998,6.649167682677958,6.654646600334037,0.16287500000000676,150.35008,151.3592725,10.0,0.002025
20190810_BearTrap_Ground_Model.obj,solid_edges,2,60,5.741667605475426,5.732256064082037,5.751079146868816,0.15552499999999014,174.464256,175.5398075,11.0,0.001725
20190810_BearTrap_Ground_Model.obj,points8,2,60,5.5703460391426685,5.562802238634797,5.577889839650541,0.15919999999999135,179.46419200000003,180.4982175,10.0,0.0019
20190810_BearTrap_Ground_Model.obj,solid_pan,2,365,60.6109951582354,60.48653976745717,60.73545054901362,0.1418999999999997,16.398592,17.028965,10.0,0.00185
20190810_BearTrap_Ground_Model.obj,solid_no_msaa,2,356,59.241765833270165,59.19192776403358,59.29160390250675,0.14982499999999987,16.802304,17.483017500000003,10.0,0.0015500000000000002
20190810_BearTrap_Ground_Model.obj,control_solid,1,186,61.91146248122102,61.91146248122102,61.91146248122102,0.142100000000001,16.047104,16.793425,10.0,0.0015
20190810_BearTrap_Ground_Model.obj,control_points4,1,30,9.530372773859789,9.530372773859789,9.530372773859789,0.16235000000000355,105.20115200000001,105.70738,10.0,0.0017
20190810_BearTrap_Ground_Model.obj,points_zoom_no_hover,1,30,9.336373671550732,9.336373671550732,9.336373671550732,0.15400000000000347,97.693184,122.97944,10.0,0.0018
20190810_BearTrap_Ground_Model.obj,control_points_far,1,30,6.686786464161053,6.686786464161053,6.686786464161053,0.15919999999999845,149.73696,150.94283,10.0,0.0019
20190810_BearTrap_Ground_Model.obj,points_pan_drag,1,30,9.482000823543379,9.482000823543379,9.482000823543379,0.1571000000000069,104.89907199999999,107.528915,10.0,0.0022
20190810_BearTrap_Ground_Model.obj,solid_depth_range,1,184,61.03198586870706,61.03198586870706,61.03198586870706,0.14419999999999966,16.324095999999997,16.94717,10.0,0.0016
20190810_BearTrap_Ground_Model.obj,control_edges,1,30,6.327649620491831,6.327649620491831,6.327649620491831,0.15990000000000748,158.216704,159.07961,10.0,0.0018
20190810_BearTrap_Ground_Model.obj,points_no_msaa,1,49,16.00688465909321,16.00688465909321,16.00688465909321,0.16319999999999624,62.587904,62.920339999999996,10.0,0.0017
20190810_BearTrap_Ground_Model.obj,edges_no_msaa,1,30,8.919999733589341,8.919999733589341,8.919999733589341,0.19059999999999633,112.290816,114.07915,10.0,0.0018
20190810_BearTrap_Ground_Model.obj,points8_alpha,1,30,2.4260524259901572,2.4260524259901572,2.4260524259901572,0.15020000000001232,412.481536,413.934665,10.0,0.00185
20190810_BearTrap_Ground_Model.obj,points_depth_range,1,30,9.594414055381645,9.594414055381645,9.594414055381645,0.1580500000000029,104.479232,104.98113000000001,10.0,0.0018
20190810_BearTrap_Ground_Model.obj,solid_zero_opacity,1,181,60.32788170375671,60.32788170375671,60.32788170375671,0.14320000000000022,16.480256,17.1667,10.0,0.0016
20190810_BearTrap_Ground_Model.obj,points_far_depth_range,1,30,6.7585393976325605,6.7585393976325605,6.7585393976325605,0.1594000000000051,148.088832,149.173935,10.0,0.0019
20190810_BearTrap_Ground_Model.obj,production_flags_pane,1,180,59.8800682073897,59.8800682073897,59.8800682073897,0.2989000000000006,16.608255999999997,24.336105,20.0,0.002
20190810_BearTrap_Ground_Model.obj,solid_zoom_pointer,1,181,60.09148114611519,60.09148114611519,60.09148114611519,0.14720000000000155,16.610304,17.1424,10.0,0.0044
bennu_OLA_v21_PTM_very-high.obj,points_hover_static,2,810,134.93402651742218,133.90672949934606,135.96132353549828,0.14559999999999995,7.306495999999999,7.869005,12.0,0.0034999999999999996
bennu_OLA_v21_PTM_very-high.obj,solid_far,2,1356,225.95277920862574,223.99762562516838,227.9079327920831,0.10757499999999975,4.43136,4.8699325,10.0,0.00135
bennu_OLA_v21_PTM_very-high.obj,hidden,2,18334,3055.5121427900267,3007.7740159122714,3103.250269667782,0.05525000000000001,0.004096,0.78053,9.0,0.00095
bennu_OLA_v21_PTM_very-high.obj,solid_1080p,2,1310,218.17711835762142,216.25959601974378,220.09464069549907,0.10865000000000036,4.554752,5.08662,10.0,0.00135
bennu_OLA_v21_PTM_very-high.obj,solid_near,2,1298,216.2002320200156,215.43107842034212,216.96938561968906,0.10619999999999985,4.608512,5.122665,10.0,0.0013
bennu_OLA_v21_PTM_very-high.obj,solid_orbit,2,1326,220.95549415217255,220.31232288147453,221.59866542287057,0.10735000000000028,4.517888,5.01113,10.0,0.00145
bennu_OLA_v21_PTM_very-high.obj,solid_fit,2,1336,222.47549972319388,221.10384228529736,223.8471571610904,0.10652499999999998,4.482048,4.9548950000000005,10.0,0.0013
bennu_OLA_v21_PTM_very-high.obj,points4,2,809,134.64458970972834,134.4392000215369,134.8499793979198,0.13700000000000023,7.312896,7.867832499999999,10.0,0.0016
bennu_OLA_v21_PTM_very-high.obj,solid_alpha,2,1329,221.37334007761618,221.08766072473603,221.65901943049633,0.11070000000000024,4.507904,4.984275,10.0,0.00135
bennu_OLA_v21_PTM_very-high.obj,points_near,2,792,131.92415798816623,131.91164997390248,131.93666600242997,0.1318750000000002,7.4675199999999995,8.0082,10.0,0.00165
bennu_OLA_v21_PTM_very-high.obj,solid_zoom,2,1315,219.0724058728998,218.5967230018635,219.5480887439361,0.11102499999999971,4.536064,5.046295,10.0,0.00135
bennu_OLA_v21_PTM_very-high.obj,points_orbit,2,809,134.585649897945,134.16583623118777,135.0054635647022,0.12487500000000029,7.327232,7.87644,10.0,0.0018
bennu_OLA_v21_PTM_very-high.obj,solid_pane,2,1312,218.4643917388492,218.0719450309544,218.85683844674404,0.2361500000000003,4.5767679999999995,5.03016,20.0,0.0015500000000000002
bennu_OLA_v21_PTM_very-high.obj,points_hover_move,2,60,3.235259789120951,3.233743553464856,3.236776024777046,307.06417500000003,35.967488,318.82246,10.0,306.896125
bennu_OLA_v21_PTM_very-high.obj,solid_offscreen,2,1641,273.37127822692105,271.1274481867619,275.6151082670802,0.09589999999999999,3.6613119999999997,4.080797499999999,10.0,0.0012
bennu_OLA_v21_PTM_very-high.obj,solid_points,2,519,86.16988303344013,85.99544290558347,86.3443231612968,0.13905000000000056,11.492352,12.11598,11.0,0.0015
bennu_OLA_v21_PTM_very-high.obj,points_keyboard,2,60,3.229630886692739,3.216919866140104,3.242341907245374,307.51484999999997,53.558272,321.43096,12.0,307.337475
bennu_OLA_v21_PTM_very-high.obj,points_zoom,2,60,3.216811062776129,3.1923412413584917,3.241280884193766,308.328225,50.313984,324.5344275,12.0,308.150025
bennu_OLA_v21_PTM_very-high.obj,solid_vsync,2,721,120.04891993755348,119.99856401718392,120.09927585792303,0.1336499999999996,3.85024,12.246187500000001,10.0,0.0015500000000000002
bennu_OLA_v21_PTM_very-high.obj,solid_selected,2,1325,220.6674332195284,218.26856577424925,223.0663006648075,0.305725,4.485632,5.0167,15.0,0.0018999999999999998
bennu_OLA_v21_PTM_very-high.obj,edges,2,447,74.35075431669244,73.7983509259848,74.9031577074001,0.139675,13.329152,13.964492499999999,10.0,0.0017000000000000001
bennu_OLA_v21_PTM_very-high.obj,points_far,2,663,110.40842520734824,110.2483796069542,110.5684708077423,0.13445000000000018,8.90752,9.5320675,10.0,0.00175
bennu_OLA_v21_PTM_very-high.obj,solid_edges,2,337,56.066003470739375,55.85593451184257,56.27607242963617,0.14692500000000042,17.7536,18.402485,11.0,0.00165
bennu_OLA_v21_PTM_very-high.obj,points8,2,645,107.34259344269933,107.02706468503064,107.65812220036803,0.13385000000000025,9.152256,9.74763,10.0,0.0017000000000000001
bennu_OLA_v21_PTM_very-high.obj,solid_pan,2,1329,221.34559811141412,221.19303059402756,221.49816562880068,0.11715000000000009,4.497408,4.971135,10.0,0.0015500000000000002
bennu_OLA_v21_PTM_very-high.obj,solid_no_msaa,2,1282,213.54804111864235,212.79670821142201,214.2993740258627,0.1166999999999998,4.611584000000001,5.58202,10.0,0.0014
bennu_OLA_v21_PTM_very-high.obj,control_solid,1,667,222.29743970673536,222.29743970673536,222.29743970673536,0.11869999999999958,4.466688,4.95184,10.0,0.0013
bennu_OLA_v21_PTM_very-high.obj,control_points4,1,405,134.9399247455033,134.9399247455033,134.9399247455033,0.1335999999999995,7.304192,7.89154,10.0,0.0015
bennu_OLA_v21_PTM_very-high.obj,points_zoom_no_hover,1,401,133.442501057224,133.442501057224,133.442501057224,0.13019999999999943,7.39328,7.9413,10.0,0.0015
bennu_OLA_v21_PTM_very-high.obj,control_points_far,1,329,109.42803330683336,109.42803330683336,109.42803330683336,0.14270000000000138,8.988672,9.57256,10.0,0.0017
bennu_OLA_v21_PTM_very-high.obj,points_pan_drag,1,402,133.7038281933746,133.7038281933746,133.7038281933746,0.14214999999999955,7.37792,7.923935,10.0,0.0024
bennu_OLA_v21_PTM_very-high.obj,solid_depth_range,1,660,219.75566832276982,219.75566832276982,219.75566832276982,0.12400000000000011,4.552192,5.007625,10.0,0.0014
bennu_OLA_v21_PTM_very-high.obj,control_edges,1,221,73.60871697741425,73.60871697741425,73.60871697741425,0.13899999999999935,13.507584,14.0751,10.0,0.0017
bennu_OLA_v21_PTM_very-high.obj,points_no_msaa,1,412,137.1372316632959,137.1372316632959,137.1372316632959,0.13434999999999953,7.201792,8.009985,10.0,0.0015
bennu_OLA_v21_PTM_very-high.obj,edges_no_msaa,1,294,97.76132224915017,97.76132224915017,97.76132224915017,0.17070000000000007,10.154496,10.557089999999999,10.0,0.0025
bennu_OLA_v21_PTM_very-high.obj,points8_alpha,1,115,38.00606061166888,38.00606061166888,38.00606061166888,0.1463000000000001,26.294272,26.94416,10.0,0.0019
bennu_OLA_v21_PTM_very-high.obj,points_depth_range,1,401,133.55423625877617,133.55423625877617,133.55423625877617,0.13260000000000005,7.374848,7.912,10.0,0.0016
bennu_OLA_v21_PTM_very-high.obj,solid_zero_opacity,1,661,220.18887475223755,220.18887475223755,220.18887475223755,0.1025999999999998,4.542464,5.017,10.0,0.0012
bennu_OLA_v21_PTM_very-high.obj,points_far_depth_range,1,327,108.67598255800331,108.67598255800331,108.67598255800331,0.1316000000000006,9.064448,9.67229,10.0,0.0016
bennu_OLA_v21_PTM_very-high.obj,production_flags_pane,1,361,120.09508070589028,120.09508070589028,120.09508070589028,0.2919999999999998,3.936256,12.2497,20.0,0.0018
bennu_OLA_v21_PTM_very-high.obj,solid_zoom_pointer,1,651,216.79668806593176,216.79668806593176,216.79668806593176,0.12820000000000054,4.586496,5.08545,10.0,0.0043
powerplant.obj,points_hover_static,2,166,27.394670969807393,27.36016803230715,27.429173907307636,0.17384999999999806,36.381184000000005,37.054985,30.0,0.0068
powerplant.obj,solid_far,2,2742,456.7802231123117,455.11355899569435,458.4468872289291,0.09975000000000023,2.044416,2.5425875000000002,30.0,0.0012000000000000001
powerplant.obj,hidden,2,16588,2764.014008478597,2627.7436198141604,2900.2843971430334,0.06105000000000003,0.004608,0.8791274999999996,9.0,0.001
powerplant.obj,solid_1080p,2,2039,339.70047848867,338.16066849599923,341.2402884813407,0.10532499999999989,2.755072,3.3219575,30.0,0.0013
powerplant.obj,solid_near,2,2039,339.7515720411176,339.51891935026276,339.98422473197246,0.10824999999999996,2.7755520000000002,3.304255,30.0,0.0012499999999999998
powerplant.obj,solid_orbit,2,2099,349.61554061842827,348.86689565041286,350.3641855864437,0.11447499999999988,2.7084799999999998,3.2365025,30.0,0.00145
powerplant.obj,solid_fit,2,2101,350.0018588537154,347.45702268108164,352.5466950263492,0.10237499999999977,2.6879999999999997,3.2183924999999998,30.0,0.00115
powerplant.obj,points4,2,165,27.348318685016554,27.33098286880662,27.36565450122649,0.16922500000000085,36.495616,37.1532925,30.0,0.0018
powerplant.obj,solid_alpha,2,2077,345.96374099331945,344.4360552464773,347.49142674016156,0.10655000000000014,2.737152,3.2679525,30.0,0.0012000000000000001
powerplant.obj,points_near,2,188,31.110830178236007,31.081722644298058,31.139937712173953,0.17087500000000055,32.026624,32.819860000000006,30.0,0.0019
powerplant.obj,solid_zoom,2,2086,347.4584209236385,347.0614685163289,347.8553733309481,0.10412499999999991,2.7658240000000003,3.2961374999999995,30.0,0.0012499999999999998
powerplant.obj,points_orbit,2,153,25.326281056689478,25.234886992199364,25.41767512117959,0.1730249999999991,39.564288000000005,42.458304999999996,30.0,0.00215
powerplant.obj,solid_pane,2,2048,341.07723021245545,339.73756405635197,342.41689636855887,0.23255000000000003,2.7750399999999997,3.3082849999999997,40.0,0.0015
powerplant.obj,points_hover_move,2,60,2.638555121264796,2.631722930315056,2.6453873122145364,376.953,75.664128,388.8378,30.0,376.75975
powerplant.obj,solid_offscreen,2,4433,738.7828240175825,736.9907139170045,740.5749341181605,0.09235000000000004,1.2334079999999998,1.80571,30.0,0.00115
powerplant.obj,solid_points,2,154,25.617299083970522,25.57993873704335,25.65465943089769,0.18104999999999905,39.082496000000006,39.61971,51.0,0.00165
powerplant.obj,points_keyboard,2,60,2.649116891850822,2.6486495401220433,2.6495842435796004,375.92510000000004,69.66528,383.16274,30.0,375.73245000000003
powerplant.obj,points_zoom,2,60,2.65746156931331,2.6516613042562054,2.663261834370415,375.177125,73.82809599999999,381.4297125,30.0,375.01515
powerplant.obj,solid_vsync,2,721,120.04790469215246,119.99401229878629,120.10179708551864,0.16282499999999978,3.064832,12.2618325,30.0,0.00185
powerplant.obj,solid_selected,2,2074,345.6347940159087,341.65612088106883,349.6134671507486,0.30899999999999994,2.7320320000000002,3.24923,35.0,0.00165
powerplant.obj,edges,2,237,39.410446908928414,39.31160187981417,39.50929193804266,0.17332500000000106,25.331456,25.975155,30.0,0.0019
powerplant.obj,points_far,2,60,8.604080161858278,8.60026254881509,8.607897774901465,0.17029999999999745,116.356864,117.193425,30.0,0.0019
powerplant.obj,solid_edges,2,217,35.920666632170295,35.823170858115866,36.01816240622473,0.17227500000000084,27.776,28.487285,51.0,0.0018
powerplant.obj,points8,2,69,11.326619631073989,11.296577658605528,11.356661603542449,0.16789999999999594,88.150784,89.362545,30.0,0.0018
powerplant.obj,solid_pan,2,2099,349.80500330620697,348.6389266294045,350.9710799830094,0.11009999999999986,2.704384,3.2172175000000003,30.0,0.00135
powerplant.obj,solid_no_msaa,2,1982,330.03814245322144,330.02257307777086,330.0537118286721,0.11054999999999993,2.824192,3.6707,30.0,0.0012
powerplant.obj,control_solid,1,1034,344.57213904318917,344.57213904318917,344.57213904318917,0.10155000000000003,2.743296,3.2952049999999997,30.0,0.0011
powerplant.obj,control_points4,1,82,27.314446304195524,27.314446304195524,27.314446304195524,0.17339999999999733,36.55424,37.210015,30.0,0.0018
powerplant.obj,points_zoom_no_hover,1,81,26.89277759928573,26.89277759928573,26.89277759928573,0.17779999999999774,36.89472,42.9384,30.0,0.002
powerplant.obj,control_points_far,1,30,8.582149883471569,8.582149883471569,8.582149883471569,0.1740999999999957,116.39296,117.1267,30.0,0.0019
powerplant.obj,points_pan_drag,1,82,27.173990487910327,27.173990487910327,27.173990487910327,0.1679499999999976,36.867072,37.658075,30.0,0.0022
powerplant.obj,solid_depth_range,1,1030,343.1786970124595,343.1786970124595,343.1786970124595,0.09960000000000013,2.7648,3.25059,30.0,0.0011
powerplant.obj,control_edges,1,118,39.06217413705368,39.06217413705368,39.06217413705368,0.1647999999999996,25.550848000000002,26.21831,30.0,0.0018
powerplant.obj,points_no_msaa,1,144,47.97128758533726,47.97128758533726,47.97128758533726,0.17964999999999876,20.806144000000003,21.406859999999998,30.0,0.00185
powerplant.obj,edges_no_msaa,1,170,56.493433319620934,56.493433319620934,56.493433319620934,0.16694999999999993,17.613824,18.207935,30.0,0.0018
powerplant.obj,points8_alpha,1,30,9.11106801913385,9.11106801913385,9.11106801913385,0.1872499999999988,109.643776,110.495755,30.0,0.002
powerplant.obj,points_depth_range,1,138,45.80975362020707,45.80975362020707,45.80975362020707,0.17079999999999984,21.823999999999998,22.430495,30.0,0.0018
powerplant.obj,solid_zero_opacity,1,1023,340.93673350681894,340.93673350681894,340.93673350681894,0.1181000000000001,2.753536,3.3270299999999997,30.0,0.0013
powerplant.obj,points_far_depth_range,1,94,31.304068203438877,31.304068203438877,31.304068203438877,0.16990000000000016,31.864832,32.553824999999996,30.0,0.0019
powerplant.obj,production_flags_pane,1,361,119.85044390977644,119.85044390977644,119.85044390977644,0.2961999999999989,3.045376,12.2543,40.0,0.002
powerplant.obj,solid_zoom_pointer,1,1033,344.2513556105173,344.2513556105173,344.2513556105173,0.10639999999999983,2.794496,3.2799199999999997,30.0,0.0058
san-miguel.obj,points_hover_static,2,250,41.410388467995034,41.346768100101784,41.47400883588828,1.9734999999999996,24.105472,24.91628,2214.0,0.2657
san-miguel.obj,solid_far,2,2735,455.6710071514522,453.9174929303683,457.4245213725361,1.4745249999999999,1.9619840000000002,3.1945525,2212.0,0.0015
san-miguel.obj,hidden,2,14753,2458.42762283339,2108.4565238331247,2808.398721833655,0.0761,0.004608,1.0171225,9.0,0.0013
san-miguel.obj,solid_1080p,2,2453,408.6326575918288,405.0923034128027,412.1730117708548,1.46585,2.228224,3.2747375,2212.0,0.0014
san-miguel.obj,solid_near,2,2467,410.94603539463196,408.04458738181575,413.84748340744824,1.47315,2.234368,3.2780024999999995,2212.0,0.00145
san-miguel.obj,solid_orbit,2,2515,419.0455243433148,413.4691937797175,424.6218549069121,1.475225,2.1621759999999997,3.310165,2212.0,0.0015999999999999999
san-miguel.obj,solid_fit,2,2455,409.00439766230687,392.24939196345315,425.7594033611606,1.5584500000000001,2.180608,3.5849199999999994,2212.0,0.00165
san-miguel.obj,points4,2,250,41.344265838408674,41.33292533878284,41.355606338034505,1.6679499999999994,24.147456,24.908450000000002,2212.0,0.0019
san-miguel.obj,solid_alpha,2,2433,405.1440023457126,389.7038706513283,420.5841340400969,1.902075,2.262528,3.3570900000000004,2212.0,0.0023
san-miguel.obj,points_near,2,323,53.740625723361305,53.649211001713745,53.83204044500887,2.057925000000001,18.478848,19.354595,2212.0,0.00275
san-miguel.obj,solid_zoom,2,2536,422.5020168926686,422.0561268692057,422.9479069161315,1.4673,2.2259200000000003,3.1236149999999996,2212.0,0.00135
san-miguel.obj,points_orbit,2,257,42.67141499860267,42.570456017052926,42.77237398015242,1.7844000000000015,23.271936,26.4165775,2212.0,0.0027
san-miguel.obj,solid_pane,2,2472,411.9253861249913,408.2190047973897,415.63176745259284,1.73115,2.215936,3.2979200000000004,2222.0,0.00175
san-miguel.obj,points_hover_move,2,60,3.0108012955176884,2.839131944871629,3.182470646163748,326.500425,68.663296,371.52439,2212.0,324.761625
san-miguel.obj,solid_offscreen,2,3719,619.5498790407694,590.6793398756928,648.420418205846,1.45845,1.45152,2.1665099999999997,2212.0,0.0013
san-miguel.obj,solid_points,2,234,38.83823132459163,38.83468205298983,38.841780596193445,1.946950000000001,25.67424,27.695479999999996,4415.0,0.0017499999999999998
san-miguel.obj,points_keyboard,2,60,3.1727900586023274,3.1473671251104136,3.1982129920942417,313.571575,69.74719999999999,322.8570575,2214.0,311.890275
san-miguel.obj,points_zoom,2,60,3.145589287558472,3.100065527118402,3.1911130479985417,315.34085,67.48569599999999,329.06068500000003,2214.0,313.558875
san-miguel.obj,solid_vsync,2,722,120.09477531224425,120.08938775402939,120.1001628704591,1.5457999999999998,2.74688,12.2661,2212.0,0.0017499999999999998
san-miguel.obj,solid_selected,2,1312,218.35238596831584,217.01072518926696,219.69404674736475,4.466800000000001,2.526208,5.136637499999999,2217.0,0.0019
san-miguel.obj,edges,2,337,56.01960956329356,55.79305796868834,56.24616115789878,1.6234749999999987,17.798912,18.545755,2212.0,0.00195
san-miguel.obj,points_far,2,164,27.271768697171627,27.22055855922247,27.322978835120782,1.6933750000000014,36.571904,37.416219999999996,2212.0,0.0020499999999999997
san-miguel.obj,solid_edges,2,313,52.05989518076677,51.910506287160935,52.20928407437262,1.8184750000000003,19.172352,20.5973075,4415.0,0.00165
san-miguel.obj,points8,2,161,26.62898412346015,26.561119859311063,26.696848387609233,1.6903749999999995,37.444351999999995,38.279107499999995,2212.0,0.0019
san-miguel.obj,solid_pan,2,2460,409.8414900425795,393.123038715823,426.55994136933606,1.6131000000000002,2.17088,3.549725,2212.0,0.002
san-miguel.obj,solid_no_msaa,2,2274,378.8192671168699,376.81036390419246,380.82817032954733,1.5351,2.300672,3.881175,2212.0,0.00175
san-miguel.obj,control_solid,1,1217,405.59425457241696,405.59425457241696,405.59425457241696,1.5473,2.191872,3.6454,2212.0,0.0016
san-miguel.obj,control_points4,1,124,41.30741430776902,41.30741430776902,41.30741430776902,1.7205500000000011,24.178688,24.795205,2212.0,0.0017
san-miguel.obj,points_zoom_no_hover,1,129,42.73925776089426,42.73925776089426,42.73925776089426,1.7007000000000012,22.800384,27.153,2212.0,0.0019
san-miguel.obj,control_points_far,1,82,27.085781926556173,27.085781926556173,27.085781926556173,1.7527000000000008,36.823552,37.751755,2212.0,0.00215
san-miguel.obj,points_pan_drag,1,128,42.491227470312985,42.491227470312985,42.491227470312985,1.752399999999998,23.578111999999997,25.11799,2212.0,0.0025
san-miguel.obj,solid_depth_range,1,1237,412.1602397713041,412.1602397713041,412.1602397713041,1.4968000000000001,2.21184,3.3120200000000004,2212.0,0.0013
san-miguel.obj,control_edges,1,167,55.62683229206232,55.62683229206232,55.62683229206232,1.6320000000000014,17.901568,18.57948,2212.0,0.0018
san-miguel.obj,points_no_msaa,1,208,69.04993169866252,69.04993169866252,69.04993169866252,1.6954000000000002,14.402048,15.021479999999999,2212.0,0.0018
san-miguel.obj,edges_no_msaa,1,232,77.23898848353365,77.23898848353365,77.23898848353365,1.6321000000000012,12.840448,13.450145,2212.0,0.0019
san-miguel.obj,points8_alpha,1,34,11.232006408322151,11.232006408322151,11.232006408322151,1.7681499999999986,89.137152,90.15633,2212.0,0.0021
san-miguel.obj,points_depth_range,1,145,48.172927120607135,48.172927120607135,48.172927120607135,1.6960999999999977,20.6848,21.4745,2212.0,0.0017
san-miguel.obj,solid_zero_opacity,1,1190,396.54422702750145,396.54422702750145,396.54422702750145,1.51845,2.226176,3.7967499999999994,2212.0,0.0017
san-miguel.obj,points_far_depth_range,1,113,37.46008553297795,37.46008553297795,37.46008553297795,1.7006000000000014,26.546176,27.62722,2212.0,0.0021
san-miguel.obj,production_flags_pane,1,360,119.99934000362998,119.99934000362998,119.99934000362998,1.8603999999999998,2.860544,12.391735,2222.0,0.0019
san-miguel.obj,solid_zoom_pointer,1,1247,415.4491098161596,415.4491098161596,415.4491098161596,1.8211,2.24256,3.17613,2212.0,0.3151
uploads_files_2720101_BusGameMap.obj,points_hover_static,2,6647,1107.6608390297272,1104.5789630969969,1110.7427149624575,0.13894999999999996,0.78592,1.5276699999999999,76.0,0.009899999999999999
uploads_files_2720101_BusGameMap.obj,solid_far,2,16611,2768.337696892293,2722.0735567802312,2814.6018370043544,0.09725,0.20019199999999998,0.8199449999999983,74.0,0.00095
uploads_files_2720101_BusGameMap.obj,hidden,2,18620,3103.1721255363536,2966.4586190355185,3239.885632037189,0.053050000000000014,0.004096,0.7595524999999992,9.0,0.00095
uploads_files_2720101_BusGameMap.obj,solid_1080p,2,16647,2774.3737017713265,2740.251399816479,2808.4960037261735,0.10065,0.157696,0.7694625,74.0,0.001
uploads_files_2720101_BusGameMap.obj,solid_near,2,16417,2735.777102824395,2719.850197276624,2751.704008372166,0.100975,0.183808,0.856625,74.0,0.001
uploads_files_2720101_BusGameMap.obj,solid_orbit,2,17586,2930.7310618805327,2924.373352019459,2937.0887717416063,0.0963,0.15820800000000002,0.7634475000000001,74.0,0.001
uploads_files_2720101_BusGameMap.obj,solid_fit,2,17661,2943.3589516853135,2928.5972589116304,2958.120644458997,0.0946,0.1536,0.7784875,74.0,0.0009
uploads_files_2720101_BusGameMap.obj,points4,2,6764,1127.2624315464639,1121.640719378025,1132.8841437149026,0.10770000000000002,0.7741439999999999,1.3938799999999998,74.0,0.001
uploads_files_2720101_BusGameMap.obj,solid_alpha,2,17038,2839.509181977971,2792.174830875434,2886.8435330805073,0.09639999999999999,0.17664000000000002,0.8131299999999996,74.0,0.00095
uploads_files_2720101_BusGameMap.obj,points_near,2,6804,1133.8839898774024,1128.328707185634,1139.439272569171,0.1109,0.760832,1.4838699999999996,74.0,0.0011
uploads_files_2720101_BusGameMap.obj,solid_zoom,2,17565,2927.3115469497425,2887.863500318552,2966.759593580933,0.09625,0.162304,0.7700475000000009,74.0,0.00095
uploads_files_2720101_BusGameMap.obj,points_orbit,2,6548,1091.0458181107097,1086.6924660321129,1095.3991701893065,0.11099999999999999,0.791552,1.4372749999999999,74.0,0.0012
uploads_files_2720101_BusGameMap.obj,solid_pane,2,15084,2513.8680814938343,2507.2587841721506,2520.4773788155176,0.2105,0.176128,0.8688425,84.0,0.0012
uploads_files_2720101_BusGameMap.obj,points_hover_move,2,316,52.497552092520564,52.23596723161251,52.75913695342861,18.91405,3.5875839999999997,19.70398,74.0,18.75475
uploads_files_2720101_BusGameMap.obj,solid_offscreen,2,18281,3046.761177569396,2990.2706373256374,3103.2517178131548,0.09634999999999999,0.080896,0.6395299999999999,74.0,0.00095
uploads_files_2720101_BusGameMap.obj,solid_points,2,5401,900.0837599303068,897.6035950540542,902.5639248065595,0.12985000000000008,0.999424,1.6425175,139.0,0.00115
uploads_files_2720101_BusGameMap.obj,points_keyboard,2,314,52.24810038229906,52.177323137153245,52.31887762744487,18.95295,2.616832,20.0128,76.0,18.77555
uploads_files_2720101_BusGameMap.obj,points_zoom,2,314,52.30964850327533,52.29294226472806,52.3263547418226,18.9566,3.44064,19.858919999999998,76.0,18.77855
uploads_files_2720101_BusGameMap.obj,solid_vsync,2,722,120.09224435911716,120.08723456064038,120.09725415759395,0.18330000000000046,1.53728,12.26675,74.0,0.00165
uploads_files_2720101_BusGameMap.obj,solid_selected,2,15336,2555.8223618752936,2524.8041593573726,2586.8405643932147,0.30695000000000006,0.178176,0.7066749999999998,79.0,0.0012
uploads_files_2720101_BusGameMap.obj,edges,2,6065,1010.6563817785261,1006.2425702534964,1015.0701933035559,0.10719999999999993,0.879616,1.50309,74.0,0.001
uploads_files_2720101_BusGameMap.obj,points_far,2,4327,721.089882267418,717.2345462284994,724.9452183063366,0.13305000000000006,1.258496,1.8992674999999994,74.0,0.0014
uploads_files_2720101_BusGameMap.obj,solid_edges,2,5036,839.1889906162104,835.5721356057251,842.8058456266957,0.12984999999999997,1.076736,1.7075,139.0,0.0012000000000000001
uploads_files_2720101_BusGameMap.obj,points8,2,3273,545.264689184652,545.1500357196566,545.3793426496474,0.1256750000000002,1.697792,2.1773474999999998,74.0,0.0012000000000000001
uploads_files_2720101_BusGameMap.obj,solid_pan,2,17946,2990.9179643996267,2922.3155072087393,3059.5204215905146,0.09549999999999997,0.154624,0.7431000000000005,74.0,0.001
uploads_files_2720101_BusGameMap.obj,solid_no_msaa,2,14020,2336.458893835738,2331.488307811119,2341.429479860357,0.0996,0.324608,1.3950899999999984,74.0,0.00095
uploads_files_2720101_BusGameMap.obj,control_solid,1,7840,2613.267653206316,2613.267653206316,2613.267653206316,0.1163,0.152576,0.9151549999999964,74.0,0.001
uploads_files_2720101_BusGameMap.obj,control_points4,1,3309,1102.899636133112,1102.899636133112,1102.899636133112,0.11780000000000002,0.78336,1.4800399999999998,74.0,0.001
uploads_files_2720101_BusGameMap.obj,points_zoom_no_hover,1,3350,1116.5505454099439,1116.5505454099439,1116.5505454099439,0.12080000000000002,0.786432,1.52161,74.0,0.0011
uploads_files_2720101_BusGameMap.obj,control_points_far,1,2115,704.8688474031266,704.8688474031266,704.8688474031266,0.12070000000000003,1.297408,1.8693199999999999,74.0,0.001
uploads_files_2720101_BusGameMap.obj,points_pan_drag,1,3282,1093.9754584838813,1093.9754584838813,1093.9754584838813,0.10244999999999999,0.805888,1.4616749999999998,74.0,0.0011
uploads_files_2720101_BusGameMap.obj,solid_depth_range,1,9498,3165.7900025964946,3165.7900025964946,3165.7900025964946,0.09300000000000003,0.165888,0.6803449999999999,74.0,0.0008
uploads_files_2720101_BusGameMap.obj,control_edges,1,2895,964.7195238770915,964.7195238770915,964.7195238770915,0.10299999999999998,0.928768,1.56113,74.0,0.0009
uploads_files_2720101_BusGameMap.obj,points_no_msaa,1,3690,1229.7392952694029,1229.7392952694029,1229.7392952694029,0.1076,0.6568959999999999,1.906065,74.0,0.0009
uploads_files_2720101_BusGameMap.obj,edges_no_msaa,1,3301,1100.2317452688535,1100.2317452688535,1100.2317452688535,0.11719999999999997,0.73216,1.9865,74.0,0.001
uploads_files_2720101_BusGameMap.obj,points8_alpha,1,1215,404.8451332416973,404.8451332416973,404.8451332416973,0.13390000000000013,2.299904,2.82232,74.0,0.0012
uploads_files_2720101_BusGameMap.obj,points_depth_range,1,3232,1077.1507203812048,1077.1507203812048,1077.1507203812048,0.11585000000000006,0.802816,1.59398,74.0,0.001
uploads_files_2720101_BusGameMap.obj,solid_zero_opacity,1,8503,2833.6864027275906,2833.6864027275906,2833.6864027275906,0.09539999999999998,0.182272,0.8471699999999995,74.0,0.0008
uploads_files_2720101_BusGameMap.obj,points_far_depth_range,1,2118,705.684700076006,705.684700076006,705.684700076006,0.12179999999999991,1.292288,1.8349749999999991,74.0,0.0011
uploads_files_2720101_BusGameMap.obj,production_flags_pane,1,361,120.10266415655424,120.10266415655424,120.10266415655424,0.3539000000000003,0.514048,12.2192,84.0,0.002
uploads_files_2720101_BusGameMap.obj,solid_zoom_pointer,1,8755,2918.3262320728354,2918.3262320728354,2918.3262320728354,0.10720000000000002,0.162816,0.7895599999999985,74.0,0.0109
