model,round,scenario,fps,p95_frame_ms,scene_gpu_ms,lookup_gpu_ms,composite_gpu_ms,highlight_gpu_ms,readback_ms,readback_frames,hits,requests
20190810_BearTrap_Ground_Model.obj,1,pan_id_async,9.213294870488868,110.058315,108.179968,0.049664,0.009216,0.004096,649.91045,6.0,22,22
20190810_BearTrap_Ground_Model.obj,1,near_none,12.232396894862251,82.67516,81.645568,,,,,,0,0
20190810_BearTrap_Ground_Model.obj,1,pan_id_resident,9.155731671140767,110.84207500000001,108.594176,0.050176,0.009216,0.004096,,,0,0
20190810_BearTrap_Ground_Model.obj,1,far_none,6.673038528723127,150.56575,150.127104,,,,,,0,0
20190810_BearTrap_Ground_Model.obj,1,far_id_resident,6.403018673272761,157.298245,156.33561600000002,0.0512,0.009216,0.004096,,,0,0
20190810_BearTrap_Ground_Model.obj,1,zoom_id_resident,8.885100282128588,127.65971,110.536192,0.0512,0.009216,0.004096,,,0,0
20190810_BearTrap_Ground_Model.obj,1,pan_none,9.49090200551934,107.008485,104.669184,,,,,,0,0
20190810_BearTrap_Ground_Model.obj,1,orbit_id_async,9.138244365975355,113.64951500000001,110.098944,0.050688,0.009216,0.004096,653.2258999999999,6.0,22,22
20190810_BearTrap_Ground_Model.obj,1,orbit_id_resident,9.09411517987887,113.953455,110.197248,0.050688,0.009216,0.004096,,,0,0
20190810_BearTrap_Ground_Model.obj,1,fit_id_immediate,9.078588895560307,111.368185,108.902912,0.058368,0.009216,0.004096,329.86765,3.0,12,22
20190810_BearTrap_Ground_Model.obj,1,far_id_async,6.343083293711968,158.805825,157.392384,0.06144,0.009216,0.004096,946.2047,6.0,22,22
20190810_BearTrap_Ground_Model.obj,1,near_id_async,11.431096907809902,88.37114,87.298048,0.05632,0.009216,0.004096,524.7453,6,27,27
20190810_BearTrap_Ground_Model.obj,1,fit_id_buffer,9.114492148852417,110.605605,109.84755200000001,,0.03072,,,,0,0
20190810_BearTrap_Ground_Model.obj,1,fit_none,9.441281335455397,107.031705,105.924608,,,,,,0,0
20190810_BearTrap_Ground_Model.obj,1,zoom_id_async,8.902103302914748,127.912785,103.84639999999999,0.05888,0.009216,0.004096,679.23865,6.0,22,22
20190810_BearTrap_Ground_Model.obj,1,fit_id_resident,9.109714578370372,110.631335,109.788672,0.054272,0.009216,0.004096,,,0,0
20190810_BearTrap_Ground_Model.obj,1,near_id_resident,11.364271360747138,89.03542999999999,87.769088,0.05632,0.009216,0.004096,,,0,0
20190810_BearTrap_Ground_Model.obj,1,fit_id_async,9.096517507430491,110.91528,109.668864,0.05632,0.009216,0.003584,659.0083999999999,6.0,8,22
20190810_BearTrap_Ground_Model.obj,1,zoom_none,9.287219810382833,124.02369,99.18976,,,,,,0,0
20190810_BearTrap_Ground_Model.obj,1,orbit_none,9.346332170576918,110.37895999999999,107.57836800000001,,,,,,0,0
20190810_BearTrap_Ground_Model.obj,1,fit_routed,9.37796783375789,107.593265,106.459136,,0.032256,,,,0,0
bennu_OLA_v21_PTM_very-high.obj,1,pan_id_async,126.69618676733815,8.3226,7.68,0.052224,0.01024,0.004096,47.194,6,373,373
bennu_OLA_v21_PTM_very-high.obj,1,near_none,132.18020256865756,8.05626,7.425024,,,,,,0,0
bennu_OLA_v21_PTM_very-high.obj,1,pan_id_resident,126.45072676057762,8.347199999999999,7.729664,0.052224,0.01024,0.004096,,,0,0
bennu_OLA_v21_PTM_very-high.obj,1,far_none,110.38762147792002,9.52169,8.872959999999999,,,,,,0,0
bennu_OLA_v21_PTM_very-high.obj,1,far_id_resident,106.4163541185091,9.864075,9.184768,0.049152,0.009216,0.004096,,,0,0
bennu_OLA_v21_PTM_very-high.obj,1,zoom_id_resident,124.63974863561965,8.469235,7.865344,0.0512,0.01024,0.004096,,,0,0
bennu_OLA_v21_PTM_very-high.obj,1,pan_none,133.43535647621516,7.962,7.355392,,,,,,0,0
bennu_OLA_v21_PTM_very-high.obj,1,orbit_id_async,125.55137284098679,8.4067,7.750656,0.0512,0.01024,0.004096,47.615,6,369,369
bennu_OLA_v21_PTM_very-high.obj,1,orbit_id_resident,125.73537732488205,8.41573,7.759872,0.0512,0.01024,0.004096,,,0,0
bennu_OLA_v21_PTM_very-high.obj,1,fit_id_immediate,117.54261219375739,8.8567,7.634944,0.07168,0.01024,0.004096,25.349,3,155,345
bennu_OLA_v21_PTM_very-high.obj,1,far_id_async,105.62028879785554,9.94956,9.206784,0.057344,0.009216,0.004096,56.6824,6,309,309
bennu_OLA_v21_PTM_very-high.obj,1,near_id_async,122.21861893759849,8.69474,7.945216,0.058368,0.01024,0.004096,48.9164,6,359,359
bennu_OLA_v21_PTM_very-high.obj,1,fit_id_buffer,125.44233395943587,8.39944,7.810048,,0.031744,,,,0,0
bennu_OLA_v21_PTM_very-high.obj,1,fit_none,133.67477373133747,8.01153,7.350272,,,,,,0,0
bennu_OLA_v21_PTM_very-high.obj,1,zoom_id_async,123.42397809853152,8.6805,7.87968,0.058368,0.01024,0.004096,48.4533,6,363,363
bennu_OLA_v21_PTM_very-high.obj,1,fit_id_resident,124.71542019701377,8.46761,7.824384,0.057344,0.01024,0.004096,,,0,0
bennu_OLA_v21_PTM_very-high.obj,1,near_id_resident,122.43897914105597,8.601675,7.945728000000001,0.057344,0.01024,0.004096,,,0,0
bennu_OLA_v21_PTM_very-high.obj,1,fit_id_async,124.29823151275413,8.52524,7.822336,0.057344,0.01024,0.004096,48.073,6,164,365
bennu_OLA_v21_PTM_very-high.obj,1,zoom_none,130.62837513563525,8.14117,7.539199999999999,,,,,,0,0
bennu_OLA_v21_PTM_very-high.obj,1,orbit_none,132.87571248772937,8.09169,7.386112,,,,,,0,0
bennu_OLA_v21_PTM_very-high.obj,1,fit_routed,131.96062295011168,7.972275,7.436288,,0.03072,,,,0,0
powerplant.obj,1,pan_id_async,27.068933018585465,38.176770000000005,36.836864,0.04608,0.009216,0.012288,221.66145,6.0,18,74
powerplant.obj,1,near_none,31.065026768138704,32.8097,32.052224,,,,,,0,0
powerplant.obj,1,pan_id_resident,27.01986329003609,38.353005,36.792320000000004,0.047104,0.009216,0.012288,,,0,0
powerplant.obj,1,far_none,8.548626940912317,117.744885,117.095936,,,,,,0,0
powerplant.obj,1,far_id_resident,8.271952458993656,121.729115,121.29945599999999,0.046592,0.009216,0.012288,,,0,0
powerplant.obj,1,zoom_id_resident,26.057556656797008,45.66522,37.296128,0.04608,0.009216,0.012288,,,0,0
powerplant.obj,1,pan_none,27.16138006839633,37.89025,36.870656,,,,,,0,0
powerplant.obj,1,orbit_id_async,24.418260516375597,43.91615,41.14944,0.04608,0.009216,0.012288,243.04635000000002,6.0,0,66
powerplant.obj,1,orbit_id_resident,24.433885043853873,43.920094999999996,41.072128000000006,0.04608,0.009216,0.012288,,,0,0
powerplant.obj,1,fit_id_immediate,26.804023277275643,37.8484,36.227072,0.064512,0.009216,0.013312,111.7811,3,11,73
powerplant.obj,1,far_id_async,8.287968218404538,121.36834999999999,120.651264,0.053248,0.008704,0.012288,723.4913,6.0,0,22
powerplant.obj,1,near_id_async,28.834279782662442,35.30199,34.479104,0.053248,0.009216,0.012288,208.0091,6,0,79
powerplant.obj,1,fit_id_buffer,27.280912151270925,37.215175,36.538368000000006,,0.03072,,,,0,0
powerplant.obj,1,fit_none,27.348887183665635,37.213260000000005,36.43904,,,,,,0,0
powerplant.obj,1,zoom_id_async,26.076598787629607,45.180139999999994,37.392384,0.052224,0.009216,0.012288,222.7179,6,0,71
powerplant.obj,1,fit_id_resident,27.216592296775033,37.303664999999995,36.556799999999996,0.052224,0.009216,0.012288,,,0,0
powerplant.obj,1,near_id_resident,28.864556915282623,35.220400000000005,34.448384,0.052224,0.009216,0.012288,,,0,0
powerplant.obj,1,fit_id_async,27.176961625633048,37.42394,36.556799999999996,0.053248,0.009216,0.012288,220.95335,6.0,12,74
powerplant.obj,1,zoom_none,26.9111644520661,42.4706,36.872192,,,,,,0,0
powerplant.obj,1,orbit_none,25.27145533256969,42.480975,39.58016,,,,,,0,0
powerplant.obj,1,fit_routed,28.13292748661816,36.17272,35.437568,,0.03072,,,,0,0
san-miguel.obj,1,pan_id_async,40.21049295804603,26.5976,24.892416,0.044032,0.009216,0.004096,148.0099,6,77,113
san-miguel.obj,1,near_none,53.2959089460714,19.794974999999997,18.694656,,,,,,0,0
san-miguel.obj,1,pan_id_resident,40.06117904883769,26.8505,25.050112,0.044032,0.009216,0.004096,,,0,0
san-miguel.obj,1,far_none,27.18189754572658,37.567005,36.712959999999995,,,,,,0,0
san-miguel.obj,1,far_id_resident,26.82553299270647,38.0021,37.142528,0.048128,0.009216,0.004096,,,0,0
san-miguel.obj,1,zoom_id_resident,41.172674811374364,28.40538,23.517696,0.044032,0.009216,0.004096,,,0,0
san-miguel.obj,1,pan_none,42.58933012174293,25.119934999999998,23.592959999999998,,,,,,0,0
san-miguel.obj,1,orbit_id_async,40.37113649051064,27.308835000000002,24.349696,0.045056,0.009216,0.004096,148.4853,6.0,114,114
san-miguel.obj,1,orbit_id_resident,40.43084969274874,27.062695,24.541696,0.045056,0.009216,0.004096,,,0,0
san-miguel.obj,1,fit_id_immediate,38.33180644970975,26.78358,25.030656,0.065536,0.009216,0.004096,76.4149,3,30,107
san-miguel.obj,1,far_id_async,26.676925536368405,38.0847,37.337088,0.055296,0.009216,0.004096,223.1496,6,73,73
san-miguel.obj,1,near_id_async,48.06745461711272,21.41932,20.677632,0.050176,0.009216,0.004096,123.0745,6,137,137
san-miguel.obj,1,fit_id_buffer,38.59740747868691,26.7062,25.814016000000002,,0.029696,,,,0,0
san-miguel.obj,1,fit_none,40.717662371858125,25.22478,24.521728,,,,,,0,0
san-miguel.obj,1,zoom_id_async,40.170583553087454,28.8262,24.557568,0.0512,0.009216,0.004096,143.1183,6,113,113
san-miguel.obj,1,fit_id_resident,38.55946108233482,26.942674999999998,25.816576,0.053248,0.009216,0.003072,,,0,0
san-miguel.obj,1,near_id_resident,47.9389226166582,21.643995,20.745728,0.050176,0.009216,0.004096,,,0,0
san-miguel.obj,1,fit_id_async,38.53062146404736,26.592425,25.831936,0.053248,0.009216,0.003072,154.26145,6.0,30,108
san-miguel.obj,1,zoom_none,42.088187877163605,27.258399999999998,24.153088,,,,,,0,0
san-miguel.obj,1,orbit_none,41.4856578272899,27.41454,23.845888,,,,,,0,0
san-miguel.obj,1,fit_routed,40.30202403426191,25.6679,24.697856,,0.029696,,,,0,0
uploads_files_2720101_BusGameMap.obj,1,pan_id_async,920.0676178053111,1.6088,0.897024,0.043008,0.01024,0.004096,6.3949,6,2707,2753
uploads_files_2720101_BusGameMap.obj,1,near_none,1104.9565752065944,1.5555199999999998,0.775168,,,,,,0,0
uploads_files_2720101_BusGameMap.obj,1,pan_id_resident,943.6657544564373,1.6579,0.881664,0.041984,0.009216,0.004096,,,0,0
uploads_files_2720101_BusGameMap.obj,1,far_none,704.2427442416657,1.818219999999999,1.293312,,,,,,0,0
uploads_files_2720101_BusGameMap.obj,1,far_id_resident,627.5564222022401,2.0204149999999994,1.41824,0.04096,0.009216,0.004096,,,0,0
uploads_files_2720101_BusGameMap.obj,1,zoom_id_resident,947.6075675413709,1.5679500000000002,0.892928,0.041984,0.01024,0.004096,,,0,0
uploads_files_2720101_BusGameMap.obj,1,pan_none,1067.673647755003,1.442985,0.821248,,,,,,0,0
uploads_files_2720101_BusGameMap.obj,1,orbit_id_async,899.1885340064073,1.5567,0.91648,0.041984,0.009216,0.004096,6.434,6.0,2690,2690
uploads_files_2720101_BusGameMap.obj,1,orbit_id_resident,905.8514705538782,1.61992,0.915456,0.041984,0.01024,0.004096,,,0,0
uploads_files_2720101_BusGameMap.obj,1,fit_id_immediate,709.4640673778258,1.69144,0.846848,0.062464,0.009216,0.004096,4.0358,3,974,2121
uploads_files_2720101_BusGameMap.obj,1,far_id_async,616.4633365095079,1.95561,1.429504,0.043008,0.009216,0.004096,9.55615,6.0,1842,1842
uploads_files_2720101_BusGameMap.obj,1,near_id_async,943.594600306555,1.59428,0.868352,0.047104,0.01024,0.004096,6.2484,6.0,2824,2824
uploads_files_2720101_BusGameMap.obj,1,fit_id_buffer,974.2979338417371,1.5376900000000002,0.891904,,0.024576,,,,0,0
uploads_files_2720101_BusGameMap.obj,1,fit_none,1080.8944326437452,1.47918,0.79872,,,,,,0,0
uploads_files_2720101_BusGameMap.obj,1,zoom_id_async,930.5031152357786,1.5556,0.899072,0.045056,0.01024,0.004096,6.358499999999999,6.0,2784,2784
uploads_files_2720101_BusGameMap.obj,1,fit_id_resident,938.3095628244084,1.5798599999999985,0.884736,0.045056,0.01024,0.004096,,,0,0
uploads_files_2720101_BusGameMap.obj,1,near_id_resident,954.2460198225197,1.54618,0.869376,0.047104,0.01024,0.00512,,,0,0
uploads_files_2720101_BusGameMap.obj,1,fit_id_async,932.2974398818978,1.5871399999999998,0.884736,0.045056,0.01024,0.004096,6.3642,6,1281,2789
uploads_files_2720101_BusGameMap.obj,1,zoom_none,1109.2577189321594,1.470465,0.796672,,,,,,0,0
uploads_files_2720101_BusGameMap.obj,1,orbit_none,1045.8680463148232,1.4906999999999992,0.822272,,,,,,0,0
uploads_files_2720101_BusGameMap.obj,1,fit_routed,1058.1250237869838,1.4942699999999998,0.802816,,0.033792,,,,0,0
uploads_files_2720101_BusGameMap.obj,2,near_none,1139.3230034714352,1.3574049999999998,0.758784,,,,,,0,0
uploads_files_2720101_BusGameMap.obj,2,fit_none,1113.9709996216432,1.3928249999999998,0.775168,,,,,,0,0
uploads_files_2720101_BusGameMap.obj,2,zoom_none,1134.6598289832707,1.5274599999999998,0.769024,,,,,,0,0
uploads_files_2720101_BusGameMap.obj,2,orbit_id_async,923.7681341983161,1.5097749999999994,0.889856,0.04096,0.009216,0.004096,6.2974,6.0,2764,2764
uploads_files_2720101_BusGameMap.obj,2,near_id_resident,974.4225738119267,1.530395,0.852992,0.043008,0.01024,0.004096,,,0,0
uploads_files_2720101_BusGameMap.obj,2,far_id_async,621.9914165184521,1.9549,1.41824,0.039936,0.009216,0.004096,9.46965,6.0,1858,1858
uploads_files_2720101_BusGameMap.obj,2,zoom_id_resident,946.6259617503114,1.6075849999999994,0.88576,0.041984,0.01024,0.004096,,,0,0
uploads_files_2720101_BusGameMap.obj,2,fit_routed,1056.376972888135,1.5788149999999996,0.790528,,0.033792,,,,0,0
uploads_files_2720101_BusGameMap.obj,2,zoom_id_async,910.3494705661391,1.6420149999999998,0.909312,0.041984,0.01024,0.004096,6.43865,6.0,2724,2724
uploads_files_2720101_BusGameMap.obj,2,near_id_async,919.9550448634744,1.7360299999999993,0.87552,0.044032,0.01024,0.004096,6.3372,6.0,2752,2752
uploads_files_2720101_BusGameMap.obj,2,orbit_none,1029.3644795676148,1.5952799999999996,0.822272,,,,,,0,0
uploads_files_2720101_BusGameMap.obj,2,fit_id_async,922.0703895939008,1.6157799999999998,0.892928,0.045056,0.01024,0.004096,6.4229,6,1266,2759
uploads_files_2720101_BusGameMap.obj,2,pan_none,1072.2056182508188,1.4749799999999997,0.81408,,,,,,0,0
uploads_files_2720101_BusGameMap.obj,2,pan_id_async,920.1713525029144,1.5911,0.90112,0.04608,0.01024,0.004096,6.3926,6,2707,2753
uploads_files_2720101_BusGameMap.obj,2,fit_id_resident,928.6903746290988,1.5877199999999998,0.892928,0.045056,0.01024,0.004096,,,0,0
uploads_files_2720101_BusGameMap.obj,2,far_none,696.1541896551954,1.8779199999999996,1.311744,,,,,,0,0
uploads_files_2720101_BusGameMap.obj,2,orbit_id_resident,887.5191905611683,1.6446300000000003,0.93184,0.045056,0.01024,0.004096,,,0,0
uploads_files_2720101_BusGameMap.obj,2,fit_id_immediate,677.5196223246348,1.82184,0.840704,0.06144,0.009216,0.00512,4.1577,3,921,2025
uploads_files_2720101_BusGameMap.obj,2,far_id_resident,617.9054604645489,2.0467149999999994,1.429504,0.043008,0.009216,0.004096,,,0,0
uploads_files_2720101_BusGameMap.obj,2,fit_id_buffer,936.0461543731716,1.7515599999999998,0.913408,,0.024576,,,,0,0
uploads_files_2720101_BusGameMap.obj,2,pan_id_resident,907.1960443319578,1.77839,0.913408,0.047104,0.01024,0.004096,,,0,0
san-miguel.obj,2,near_none,53.25167898383548,19.79428,18.768384,,,,,,0,0
san-miguel.obj,2,fit_none,41.298247718679804,24.96568,24.15616,,,,,,0,0
san-miguel.obj,2,zoom_none,42.925954159939245,27.26618,22.831104,,,,,,0,0
san-miguel.obj,2,orbit_id_async,40.445601792761245,27.579805,24.48384,0.045056,0.009216,0.004096,147.68565,6.0,114,114
san-miguel.obj,2,near_id_resident,48.40635664318229,21.311625,20.57216,0.043008,0.009216,0.004096,,,0,0
san-miguel.obj,2,far_id_async,26.592912111356224,38.113005,37.524992,0.04864,0.009216,0.004096,223.60195,6.0,72,72
san-miguel.obj,2,zoom_id_resident,40.593965580576224,28.808824999999995,24.250368,0.045056,0.009216,0.004096,,,0,0
san-miguel.obj,2,fit_routed,40.639070028845744,25.44965,24.485888,,0.029696,,,,0,0
san-miguel.obj,2,zoom_id_async,39.84973859069606,28.918575,24.336384000000002,0.044032,0.009216,0.004096,142.3272,6.0,112,112
san-miguel.obj,2,near_id_async,47.66136513415157,21.66374,20.878336,0.044032,0.009216,0.004096,124.0954,6,135,135
san-miguel.obj,2,orbit_none,42.04847314875555,26.75941,23.600128,,,,,,0,0
san-miguel.obj,2,fit_id_async,38.30911558742948,26.74481,25.96864,0.053248,0.009216,0.003072,154.6425,6,29,107
san-miguel.obj,2,pan_none,41.3396247612182,25.95052,24.174592,,,,,,0,0
san-miguel.obj,2,pan_id_async,38.614204121806644,27.604999999999997,25.925632,0.0512,0.009216,0.004096,153.5398,6.0,74,108
san-miguel.obj,2,fit_id_resident,37.938563554798144,27.13239,26.23232,0.053248,0.009216,0.003072,,,0,0
san-miguel.obj,2,far_none,26.837338888993806,37.999,37.198848,,,,,,0,0
san-miguel.obj,2,orbit_id_resident,39.20948234146136,28.280505,25.139712,0.052224,0.009216,0.004096,,,0,0
san-miguel.obj,2,fit_id_immediate,37.52488140394064,27.32998,25.665536,0.06656,0.009216,0.004096,77.9176,3,28,105
san-miguel.obj,2,far_id_resident,26.215293730254118,39.04023,38.0416,0.055296,0.009216,0.004096,,,0,0
san-miguel.obj,2,fit_id_buffer,37.750350639495906,27.232285,26.411008000000002,,0.028672,,,,0,0
san-miguel.obj,2,pan_id_resident,38.869352332938526,27.321099999999998,25.684992,0.0512,0.009216,0.004096,,,0,0
powerplant.obj,2,near_none,30.80809330598767,33.04884,32.427008,,,,,,0,0
powerplant.obj,2,fit_none,27.174937867155776,37.331554999999994,36.67456,,,,,,0,0
powerplant.obj,2,zoom_none,26.417089452920898,43.05074,37.651455999999996,,,,,,0,0
powerplant.obj,2,orbit_id_async,23.80263096430706,44.907015,42.221568000000005,0.047104,0.009216,0.012288,248.55875,6.0,0,64
powerplant.obj,2,near_id_resident,27.94884150887411,36.42607,35.64544,0.047104,0.009216,0.012288,,,0,0
powerplant.obj,2,far_id_async,8.24037684671652,122.13576,121.376256,0.047104,0.009216,0.011776,727.8595,6.0,0,22
powerplant.obj,2,zoom_id_resident,25.616390231439098,46.47172,38.083584,0.047104,0.009216,0.012288,,,0,0
powerplant.obj,2,fit_routed,27.266268310920182,37.402950000000004,36.579328000000004,,0.03072,,,,0,0
powerplant.obj,2,zoom_id_async,25.182714677423842,46.563375,38.658048,0.046592,0.009216,0.012288,230.8441,6.0,0,68
powerplant.obj,2,near_id_async,27.740030604519003,36.648345,35.930112,0.04608,0.009216,0.012288,216.25315,6.0,0,76
powerplant.obj,2,orbit_none,24.688596153095368,43.10826,40.300544,,,,,,0,0
powerplant.obj,2,fit_id_async,26.18452059308138,38.77122,38.061056,0.053248,0.009216,0.012288,229.3028,6,10,71
powerplant.obj,2,pan_none,26.43630336279362,38.99717999999999,37.801984000000004,,,,,,0,0
powerplant.obj,2,pan_id_async,26.062474721049046,39.64604,38.157312,0.053248,0.009216,0.012288,229.7973,6,19,71
powerplant.obj,2,fit_id_resident,26.196508098318876,38.71772,37.971968,0.0512,0.009216,0.012288,,,0,0
powerplant.obj,2,far_none,8.51955228730384,118.15838000000001,117.32224,,,,,,0,0
powerplant.obj,2,orbit_id_resident,23.811781361678705,44.90192,41.87904,0.051712,0.009216,0.012288,,,0,0
powerplant.obj,2,fit_id_immediate,25.86279528473495,39.39723,37.772800000000004,0.055296,0.009216,0.012288,115.66929999999999,3.0,9,70
powerplant.obj,2,far_id_resident,8.238659238398567,122.416895,121.27334400000001,0.050176,0.009216,0.012288,,,0,0
powerplant.obj,2,fit_id_buffer,26.458955924968883,38.472280000000005,37.77024,,0.029696,,,,0,0
powerplant.obj,2,pan_id_resident,26.03451610007431,39.98173,38.212608,0.049152,0.009216,0.012288,,,0,0
bennu_OLA_v21_PTM_very-high.obj,2,near_none,129.50035367911505,8.1654,7.58784,,,,,,0,0
bennu_OLA_v21_PTM_very-high.obj,2,fit_none,131.58333494064874,8.09844,7.4496,,,,,,0,0
bennu_OLA_v21_PTM_very-high.obj,2,zoom_none,127.06247425695977,8.38469,7.721984,,,,,,0,0
bennu_OLA_v21_PTM_very-high.obj,2,orbit_id_async,119.8245329481019,8.84153,8.100352,0.0512,0.01024,0.004096,49.86865,6.0,352,352
bennu_OLA_v21_PTM_very-high.obj,2,near_id_resident,119.53540085847062,8.809130000000001,8.142848,0.0512,0.011264,0.004096,,,0,0
bennu_OLA_v21_PTM_very-high.obj,2,far_id_async,101.02335327614082,10.347175,9.619968,0.050176,0.01024,0.004096,59.24005,6.0,296,296
bennu_OLA_v21_PTM_very-high.obj,2,zoom_id_resident,119.07955495513147,8.92337,8.220672,0.052224,0.01024,0.004096,,,0,0
bennu_OLA_v21_PTM_very-high.obj,2,fit_routed,123.32193838622646,8.576535,7.972352000000001,,0.031744,,,,0,0
bennu_OLA_v21_PTM_very-high.obj,2,zoom_id_async,115.55334350269358,9.17359,8.43776,0.054272,0.011264,0.004096,51.6722,6,339,339
bennu_OLA_v21_PTM_very-high.obj,2,near_id_async,115.40296320221871,9.20095,8.411136,0.053248,0.011264,0.004096,51.7792,6,339,339
bennu_OLA_v21_PTM_very-high.obj,2,orbit_none,123.57764545013924,8.5735,7.931904,,,,,,0,0
bennu_OLA_v21_PTM_very-high.obj,2,fit_id_async,115.85448676462364,9.115730000000001,8.381952,0.059392,0.011264,0.004096,51.60335,6.0,152,340
bennu_OLA_v21_PTM_very-high.obj,2,pan_none,122.90768813236673,8.70466,7.97696,,,,,,0,0
bennu_OLA_v21_PTM_very-high.obj,2,pan_id_async,116.24810409834522,9.14076,8.35072,0.06144,0.011264,0.004096,51.3949,6,341,341
bennu_OLA_v21_PTM_very-high.obj,2,fit_id_resident,116.40033881145477,9.11303,8.364543999999999,0.058368,0.011264,0.004096,,,0,0
bennu_OLA_v21_PTM_very-high.obj,2,far_none,101.98719380803085,10.2436,9.631232,,,,,,0,0
bennu_OLA_v21_PTM_very-high.obj,2,orbit_id_resident,116.55001952212827,9.08022,8.3456,0.060416,0.011264,0.00512,,,0,0
bennu_OLA_v21_PTM_very-high.obj,2,fit_id_immediate,109.54048697971474,9.58918,8.22272,0.075776,0.01024,0.00512,27.1946,3,144,321
bennu_OLA_v21_PTM_very-high.obj,2,far_id_resident,98.05293788372975,10.663540000000001,9.942016,0.057344,0.01024,0.004096,,,0,0
bennu_OLA_v21_PTM_very-high.obj,2,fit_id_buffer,116.65615983520418,9.050930000000001,8.381440000000001,,0.032768,,,,0,0
bennu_OLA_v21_PTM_very-high.obj,2,pan_id_resident,116.30016840197737,9.07346,8.37632,0.060416,0.011264,0.00512,,,0,0
20190810_BearTrap_Ground_Model.obj,2,near_none,12.081860679688909,83.95888,82.670592,,,,,,0,0
20190810_BearTrap_Ground_Model.obj,2,fit_none,9.431604659577392,107.231565,106.085888,,,,,,0,0
20190810_BearTrap_Ground_Model.obj,2,zoom_none,9.17166055941076,125.256385,99.01721599999999,,,,,,0,0
20190810_BearTrap_Ground_Model.obj,2,orbit_id_async,9.075913756190038,114.48262,110.99136,0.049152,0.009216,0.004096,658.1402,6.0,22,22
20190810_BearTrap_Ground_Model.obj,2,near_id_resident,11.198997254961082,90.940135,88.823296,0.04864,0.009216,0.004096,,,0,0
20190810_BearTrap_Ground_Model.obj,2,far_id_async,6.333481353829773,159.200635,157.717504,0.0512,0.009216,0.004096,945.8509,6.0,22,22
20190810_BearTrap_Ground_Model.obj,2,zoom_id_resident,8.804468772691683,127.59731,108.969472,0.049152,0.009216,0.004096,,,0,0
20190810_BearTrap_Ground_Model.obj,2,fit_routed,9.323085563425758,108.0108,107.19488,,0.032256,,,,0,0
20190810_BearTrap_Ground_Model.obj,2,zoom_id_async,8.833312305142652,127.346155,105.86675199999999,0.049152,0.009216,0.004096,688.72765,6.0,22,22
20190810_BearTrap_Ground_Model.obj,2,near_id_async,11.184550109860243,90.21845499999999,89.326592,0.048128,0.009216,0.004096,536.954,6.0,26,26
20190810_BearTrap_Ground_Model.obj,2,orbit_none,9.256157018238856,112.12641,108.645888,,,,,,0,0
20190810_BearTrap_Ground_Model.obj,2,fit_id_async,8.987002188604643,112.160215,111.561216,0.055807999999999996,0.009216,0.003584,667.979,6.0,9,22
20190810_BearTrap_Ground_Model.obj,2,pan_none,9.333929833675905,108.512265,107.011584,,,,,,0,0
20190810_BearTrap_Ground_Model.obj,2,pan_id_async,8.850982817557552,114.95886499999999,112.05068800000001,0.056832,0.009216,0.004096,675.8582,6.0,22,22
20190810_BearTrap_Ground_Model.obj,2,fit_id_resident,8.874643180179868,113.41998,112.472064,0.05632,0.009216,0.003072,,,0,0
20190810_BearTrap_Ground_Model.obj,2,far_none,6.564923913516581,153.30823999999998,152.202752,,,,,,0,0
20190810_BearTrap_Ground_Model.obj,2,orbit_id_resident,8.861550153331402,116.59357999999999,111.91859199999999,0.056319999999999995,0.009216,0.004096,,,0,0
20190810_BearTrap_Ground_Model.obj,2,fit_id_immediate,8.834239368015005,113.848865,112.206336,0.056832,0.009216,0.004096,339.469,3.0,12,22
20190810_BearTrap_Ground_Model.obj,2,far_id_resident,6.28659479216811,161.21605,158.643712,0.05888,0.009216,0.004096,,,0,0
20190810_BearTrap_Ground_Model.obj,2,fit_id_buffer,8.875424278563356,113.906025,112.89804799999999,,0.032768,,,,0,0
20190810_BearTrap_Ground_Model.obj,2,pan_id_resident,8.716720613966285,116.39907,114.55948799999999,0.057344,0.01024,0.004096,,,0,0
20190810_BearTrap_Ground_Model.obj,1,alpha_id_async,3.1172765576688057,321.85306,320.46848,0.05632,0.009728,0.004096,1924.224,6.0,11,22
20190810_BearTrap_Ground_Model.obj,1,alpha_none,5.403366729741968,185.81974,185.01324799999998,,,,,,0,0
20190810_BearTrap_Ground_Model.obj,1,1080p_none,10.521052148614201,95.879655,94.918144,,,,,,0,0
20190810_BearTrap_Ground_Model.obj,1,pane_none,9.511409363544994,105.935615,105.102848,,,,,,0,0
20190810_BearTrap_Ground_Model.obj,1,solid_none,8.714397980629986,115.35429500000001,114.54464,,,,,,0,0
20190810_BearTrap_Ground_Model.obj,1,1080p_id_async,10.126121827306374,99.57985,98.451456,0.070656,0.016384,0.008192,592.3513,6,7,23
20190810_BearTrap_Ground_Model.obj,1,single_none,15.782547015056748,64.17192999999999,62.958591999999996,,,,,,0,0
20190810_BearTrap_Ground_Model.obj,1,single_id_async,14.053238701220595,71.92206,70.762496,0.018432,0.009216,0.003072,426.6979,6,16,35
20190810_BearTrap_Ground_Model.obj,1,pane_id_async,8.83729245508203,113.829175,113.077248,0.05376,0.007168,0.00512,679.05265,6.0,19,22
20190810_BearTrap_Ground_Model.obj,1,large_none,4.9031226320982135,204.94477500000002,204.030464,,,,,,0,0
20190810_BearTrap_Ground_Model.obj,1,large_id_async,4.6693975482581065,216.49194,214.694912,0.060927999999999996,0.01024,0.00512,1285.6679,6.0,22,22
20190810_BearTrap_Ground_Model.obj,1,solid_id_async,8.456358789998788,118.89593,118.141952,0.05376,0.009216,0.004096,709.3629000000001,6.0,11,22
bennu_OLA_v21_PTM_very-high.obj,1,alpha_id_async,48.539688459645845,21.08185,20.386816000000003,0.054272,0.009216,0.003072,123.43684999999999,6.0,58,138
bennu_OLA_v21_PTM_very-high.obj,1,alpha_none,86.8006132047611,11.9577,11.33568,,,,,,0,0
bennu_OLA_v21_PTM_very-high.obj,1,1080p_none,130.24074084930555,8.1469,7.555072,,,,,,0,0
bennu_OLA_v21_PTM_very-high.obj,1,pane_none,133.0724846489245,7.9815249999999995,7.36768,,,,,,0,0
bennu_OLA_v21_PTM_very-high.obj,1,solid_none,85.38444262231903,12.11784,11.563008,,,,,,0,0
bennu_OLA_v21_PTM_very-high.obj,1,1080p_id_async,121.3875441015082,8.70624,7.995392,0.07168,0.019456,0.009216,49.2336,6,161,357
bennu_OLA_v21_PTM_very-high.obj,1,single_none,135.8246277681134,8.081929999999998,7.044608,,,,,,0,0
bennu_OLA_v21_PTM_very-high.obj,1,single_id_async,132.68545144595384,7.977939999999999,7.24992,0.018432,0.01024,0.004096,45.0077,6,177,391
bennu_OLA_v21_PTM_very-high.obj,1,pane_id_async,124.53227973253131,8.483545,7.788544,0.058368,0.008192,0.00512,47.8956,6.0,366,366
bennu_OLA_v21_PTM_very-high.obj,1,large_none,66.637632650121,15.645935,14.856704,,,,,,0,0
bennu_OLA_v21_PTM_very-high.obj,1,large_id_async,58.78586269748064,17.45204,16.735232,0.057344,0.01024,0.00512,101.9446,6,169,169
bennu_OLA_v21_PTM_very-high.obj,1,solid_id_async,81.51226070828233,12.75668,12.024832,0.059392,0.01024,0.00512,73.445,6,105,237
powerplant.obj,1,alpha_id_async,12.1403355857812,82.92674,82.34496,0.055296,0.009216,0.012288,494.0484,6,5,29
powerplant.obj,1,alpha_none,20.4625040784741,49.4117,48.809472,,,,,,0,0
powerplant.obj,1,1080p_none,28.974968524691523,35.05841,34.536448,,,,,,0,0
powerplant.obj,1,pane_none,26.88856660968504,37.8482,37.213184,,,,,,0,0
powerplant.obj,1,solid_none,25.783178082791306,39.381255,38.779904,,,,,,0,0
powerplant.obj,1,1080p_id_async,27.828862698321643,36.30226,35.858432,0.068608,0.017408,0.017408,215.63885,6.0,9,76
powerplant.obj,1,single_none,48.16236656450266,21.138759999999998,20.350976,,,,,,0,0
powerplant.obj,1,single_id_async,43.99641869151851,23.080605,22.2976,0.017408,0.009216,0.003072,136.28609999999998,6.0,20,124
powerplant.obj,1,pane_id_async,25.20771154311527,40.003575,39.570944,0.0512,0.007168,0.013312,237.7223,6.0,22,68
powerplant.obj,1,large_none,7.217482301109464,139.177925,138.485248,,,,,,0,0
powerplant.obj,1,large_id_async,6.257327330303786,160.523525,159.790592,0.059392,0.009216,0.013312,958.5555999999999,6.0,0,22
powerplant.obj,1,solid_id_async,25.33245429716922,39.8583,39.394304,0.054272,0.009216,0.004096,236.73329999999999,6.0,10,68
san-miguel.obj,1,alpha_id_async,14.79799114310634,68.00842,67.566592,0.053248,0.009216,0.004096,403.5213,6,12,37
san-miguel.obj,1,alpha_none,25.709790456308237,39.528315,38.933504,,,,,,0,0
san-miguel.obj,1,1080p_none,43.87022602206327,23.368344999999998,22.735872,,,,,,0,0
san-miguel.obj,1,pane_none,42.59841690305183,24.100495,23.375872,,,,,,0,0
san-miguel.obj,1,solid_none,38.85982096782278,26.83574,25.696256,,,,,,0,0
san-miguel.obj,1,1080p_id_async,41.57757009171713,24.414579999999997,23.867392,0.068608,0.017408,0.008192,142.3978,6,32,117
san-miguel.obj,1,single_none,69.13971447691219,14.969595,14.113792,,,,,,0,0
san-miguel.obj,1,single_id_async,61.565145741339194,16.63874,15.901696,0.012288,0.009216,0.003072,95.6693,6,50,177
san-miguel.obj,1,pane_id_async,38.5655311323076,26.2979,25.732096,0.04608,0.007168,0.004096,153.73895,6.0,46,108
san-miguel.obj,1,large_none,21.50644081506896,47.214020000000005,46.44352,,,,,,0,0
san-miguel.obj,1,large_id_async,20.884744751456452,48.31386,47.768576,0.050176,0.009216,0.00512,285.4637,6,55,55
san-miguel.obj,1,solid_id_async,36.76191635034583,27.63325,27.145216,0.054272,0.009216,0.004096,161.1967,6,24,103
uploads_files_2720101_BusGameMap.obj,1,alpha_id_async,520.0731580681238,2.2161,1.728512,0.043008,0.009216,0.003072,11.3655,6,713,1553
uploads_files_2720101_BusGameMap.obj,1,alpha_none,924.906122028614,1.5337,0.960512,,,,,,0,0
uploads_files_2720101_BusGameMap.obj,1,1080p_none,1149.9267879944975,1.38922,0.733184,,,,,,0,0
uploads_files_2720101_BusGameMap.obj,1,pane_none,1096.3095434162412,1.40554,0.766976,,,,,,0,0
uploads_files_2720101_BusGameMap.obj,1,solid_none,895.1026653764659,1.5568,1.012736,,,,,,0,0
uploads_files_2720101_BusGameMap.obj,1,1080p_id_async,913.0927029696775,1.4749999999999996,0.873472,0.058368,0.018432,0.008192,6.451700000000001,6.0,1258,2732
uploads_files_2720101_BusGameMap.obj,1,single_none,1327.7734818439974,1.624375,0.520192,,,,,,0,0
uploads_files_2720101_BusGameMap.obj,1,single_id_async,1136.4492009539376,1.6167500000000001,0.596992,0.013312,0.01024,0.004096,5.1941,6,1568,3403
uploads_files_2720101_BusGameMap.obj,1,pane_id_async,912.8448163812152,1.4270299999999998,0.894976,0.044032,0.007168,0.00512,6.3075,6,2331,2731
uploads_files_2720101_BusGameMap.obj,1,large_none,252.7161576356156,4.36291,3.933184,,,,,,0,0
uploads_files_2720101_BusGameMap.obj,1,large_id_async,201.61475086831808,5.35586,4.8896,0.049152,0.009216,0.00512,29.5929,6,597,597
uploads_files_2720101_BusGameMap.obj,1,solid_id_async,778.4104658353448,1.7201,1.096704,0.047104,0.01024,0.004096,7.5407,6.0,1071,2328
