model,path,triangles,vertices,mode,main_fps,nographicsapi_fps,fps_change_percent,main_gpu_ms,nographicsapi_gpu_ms
BusGameMap,D:\temp\obj_tests\uploads_files_2720101_BusGameMap.obj,1054542,547469,solid,120.0492676077133,119.35136041932446,-0.5813506423624326,2.331136,2.161664
BusGameMap,D:\temp\obj_tests\uploads_files_2720101_BusGameMap.obj,1054542,547469,solid_edges,119.97949226505968,119.12989564985361,-0.7081181951738347,2.870784,2.6291200000000003
BusGameMap,D:\temp\obj_tests\uploads_files_2720101_BusGameMap.obj,1054542,547469,solid_vertices,119.98600917214078,108.62426075724689,-9.469227698533999,2.731008,3.091072
Bennu,D:\temp\obj_tests\bennu_OLA_v21_PTM_very-high.obj,17866836,8933524,solid,119.9770769806903,106.9755378093085,-10.836686055849087,3.89376,4.36224
Bennu,D:\temp\obj_tests\bennu_OLA_v21_PTM_very-high.obj,17866836,8933524,solid_edges,56.41491515029202,64.75323409263014,14.780344737068996,17.689088,15.272960000000001
Bennu,D:\temp\obj_tests\bennu_OLA_v21_PTM_very-high.obj,17866836,8933524,solid_vertices,85.04860155862622,62.83728219452286,-26.11603125395603,11.391487999999999,15.571456
Powerplant,D:\temp\obj_tests\powerplant.obj,12759246,10953627,solid,119.96506770378011,107.906867190045,-10.051426423156308,3.041792,3.237888
Powerplant,D:\temp\obj_tests\powerplant.obj,12759246,10953627,solid_edges,33.65324782077236,39.26978130659558,16.689424794109886,29.615104000000002,25.345792000000003
Powerplant,D:\temp\obj_tests\powerplant.obj,12759246,10953627,solid_vertices,38.68255152638185,25.57262567494355,-33.89105768397209,25.82016,39.07072
San Miguel,D:\temp\obj_tests\san-miguel.obj,9980699,9021391,solid,119.90160902896623,112.7255479761284,-5.984958092684334,3.01312,2.854528
San Miguel,D:\temp\obj_tests\san-miguel.obj,9980699,9021391,solid_edges,51.43473239285628,61.27660795407059,19.134687988735877,19.4944,16.32256
San Miguel,D:\temp\obj_tests\san-miguel.obj,9980699,9021391,solid_vertices,60.20351005765709,42.618280338098955,-29.209641934027943,16.63232,23.468672
BearTrap Ground,D:\temp\obj_tests\20190810_BearTrap_Ground_Model.obj,75771986,38414391,solid,60.5347652196761,59.01710632086577,-2.5070864540448157,16.352256,16.571136
BearTrap Ground,D:\temp\obj_tests\20190810_BearTrap_Ground_Model.obj,75771986,38414391,solid_edges,5.699836771762754,6.8367801333166245,19.94694597547668,175.45574399999998,146.476544
BearTrap Ground,D:\temp\obj_tests\20190810_BearTrap_Ground_Model.obj,75771986,38414391,solid_vertices,9.280459562958129,6.092941733198608,-34.346551570378324,107.538432,164.209664
