run,model,scenario,method,rounds,samples,ids,width,height,gpu_ms,gpu_min_ms,gpu_max_ms,cpu_ms,non_background_pixels
beartrap-screen-2,20190810_BearTrap_Ground_Model.obj,solid,legacy,1,4,False,1280,720,15.044608,15.044608,15.044608,0.1627,48053
beartrap-screen-2,20190810_BearTrap_Ground_Model.obj,solid,ordered,1,4,False,1280,720,15.04768,15.04768,15.04768,0.1686,48053
beartrap-screen-2,20190810_BearTrap_Ground_Model.obj,solid,barycentric,1,4,False,1280,720,15.168512,15.168512,15.168512,0.17395,48053
beartrap-screen-2,20190810_BearTrap_Ground_Model.obj,solid,pulled,1,4,False,1280,720,15.159296,15.159296,15.159296,0.1538,48053
beartrap-screen-2,20190810_BearTrap_Ground_Model.obj,edges,legacy,1,4,False,1280,720,118.88332799999999,118.88332799999999,118.88332799999999,0.18945,48682
beartrap-screen-2,20190810_BearTrap_Ground_Model.obj,edges,ordered,1,4,False,1280,720,124.69606399999999,124.69606399999999,124.69606399999999,0.18895,48674
beartrap-screen-2,20190810_BearTrap_Ground_Model.obj,edges,barycentric,1,4,False,1280,720,30.460928,30.460928,30.460928,0.17555,48055
beartrap-screen-2,20190810_BearTrap_Ground_Model.obj,edges,pulled,1,4,False,1280,720,35.132416,35.132416,35.132416,0.20090000000000002,48055
beartrap-screen-2,20190810_BearTrap_Ground_Model.obj,solid_edges,legacy,1,4,False,1280,720,134.413312,134.413312,134.413312,0.17875,48683
beartrap-screen-2,20190810_BearTrap_Ground_Model.obj,solid_edges,ordered,1,4,False,1280,720,124.99097599999999,124.99097599999999,124.99097599999999,0.18705,48683
beartrap-screen-2,20190810_BearTrap_Ground_Model.obj,solid_edges,barycentric,1,4,False,1280,720,15.408128,15.408128,15.408128,0.15585,48055
beartrap-screen-2,20190810_BearTrap_Ground_Model.obj,solid_edges,pulled,1,4,False,1280,720,19.718144,19.718144,19.718144,0.1705,48055
beartrap-screen-2,20190810_BearTrap_Ground_Model.obj,vertices_1,legacy,1,4,False,1280,720,44.956672,44.956672,44.956672,0.18195,47525
beartrap-screen-2,20190810_BearTrap_Ground_Model.obj,vertices_1,ordered,1,4,False,1280,720,44.95872,44.95872,44.95872,0.18055,47525
beartrap-screen-2,20190810_BearTrap_Ground_Model.obj,vertices_1,barycentric,1,4,False,1280,720,44.964864,44.964864,44.964864,0.18285,47525
beartrap-screen-2,20190810_BearTrap_Ground_Model.obj,vertices_1,pulled,1,4,False,1280,720,44.967935999999995,44.967935999999995,44.967935999999995,0.1811,47525
beartrap-screen-2,20190810_BearTrap_Ground_Model.obj,vertices_4,legacy,1,4,False,1280,720,98.084864,98.084864,98.084864,0.17980000000000002,50044
beartrap-screen-2,20190810_BearTrap_Ground_Model.obj,vertices_4,ordered,1,4,False,1280,720,98.090496,98.090496,98.090496,0.22089999999999999,50044
beartrap-screen-2,20190810_BearTrap_Ground_Model.obj,vertices_4,barycentric,1,4,False,1280,720,98.085376,98.085376,98.085376,0.1868,50044
beartrap-screen-2,20190810_BearTrap_Ground_Model.obj,vertices_4,pulled,1,4,False,1280,720,101.80351999999999,101.80351999999999,101.80351999999999,0.18485000000000001,50044
beartrap-screen-2,20190810_BearTrap_Ground_Model.obj,vertices_8,legacy,1,4,False,1280,720,219.03513599999997,219.03513599999997,219.03513599999997,0.16985,52362
beartrap-screen-2,20190810_BearTrap_Ground_Model.obj,vertices_8,ordered,1,4,False,1280,720,219.05715199999997,219.05715199999997,219.05715199999997,0.18485000000000001,52362
beartrap-screen-2,20190810_BearTrap_Ground_Model.obj,vertices_8,barycentric,1,4,False,1280,720,219.170304,219.170304,219.170304,0.1965,52362
beartrap-screen-2,20190810_BearTrap_Ground_Model.obj,vertices_8,pulled,1,4,False,1280,720,219.163648,219.163648,219.163648,0.20765,52362
beartrap-screen-2,20190810_BearTrap_Ground_Model.obj,combined,legacy,1,4,False,1280,720,220.086784,220.086784,220.086784,0.19495,50046
beartrap-screen-2,20190810_BearTrap_Ground_Model.obj,combined,ordered,1,4,False,1280,720,209.670144,209.670144,209.670144,0.19405,50046
beartrap-screen-2,20190810_BearTrap_Ground_Model.obj,combined,barycentric,1,4,False,1280,720,100.337152,100.337152,100.337152,0.19590000000000002,50046
beartrap-screen-2,20190810_BearTrap_Ground_Model.obj,combined,pulled,1,4,False,1280,720,105.62713600000001,105.62713600000001,105.62713600000001,0.19385,50046
beartrap-screen-2,20190810_BearTrap_Ground_Model.obj,xray,legacy,1,4,False,1280,720,221.35654399999999,221.35654399999999,221.35654399999999,0.2136,50046
beartrap-screen-2,20190810_BearTrap_Ground_Model.obj,xray,ordered,1,4,False,1280,720,221.307392,221.307392,221.307392,0.2119,50046
beartrap-screen-2,20190810_BearTrap_Ground_Model.obj,xray,barycentric,1,4,False,1280,720,221.44511999999997,221.44511999999997,221.44511999999997,0.18185,50046
beartrap-screen-2,20190810_BearTrap_Ground_Model.obj,xray,pulled,1,4,False,1280,720,221.36576,221.36576,221.36576,0.2,50046
beartrap-screen-2,20190810_BearTrap_Ground_Model.obj,transparent,legacy,1,4,False,1280,720,304.27545599999996,304.27545599999996,304.27545599999996,0.1888,50046
beartrap-screen-2,20190810_BearTrap_Ground_Model.obj,transparent,ordered,1,4,False,1280,720,304.342016,304.342016,304.342016,0.2008,50046
beartrap-screen-2,20190810_BearTrap_Ground_Model.obj,transparent,barycentric,1,4,False,1280,720,182.240256,182.240256,182.240256,0.18835000000000002,50046
beartrap-screen-2,20190810_BearTrap_Ground_Model.obj,transparent,pulled,1,4,False,1280,720,186.743296,186.743296,186.743296,0.19405,50046
bennu-screen,bennu_OLA_v21_PTM_very-high.obj,solid,legacy,1,4,False,1280,720,5.118976,5.118976,5.118976,0.12595,130249
bennu-screen,bennu_OLA_v21_PTM_very-high.obj,solid,ordered,1,4,False,1280,720,5.384192,5.384192,5.384192,0.1432,130249
bennu-screen,bennu_OLA_v21_PTM_very-high.obj,solid,barycentric,1,4,False,1280,720,5.372928,5.372928,5.372928,0.1983,130249
bennu-screen,bennu_OLA_v21_PTM_very-high.obj,solid,pulled,1,4,False,1280,720,5.5306239999999995,5.5306239999999995,5.5306239999999995,0.1666,130249
bennu-screen,bennu_OLA_v21_PTM_very-high.obj,edges,legacy,1,4,False,1280,720,9.945088,9.945088,9.945088,0.1654,131018
bennu-screen,bennu_OLA_v21_PTM_very-high.obj,edges,ordered,1,4,False,1280,720,12.832768,12.832768,12.832768,0.1638,131018
bennu-screen,bennu_OLA_v21_PTM_very-high.obj,edges,barycentric,1,4,False,1280,720,9.337344,9.337344,9.337344,0.16410000000000002,130249
bennu-screen,bennu_OLA_v21_PTM_very-high.obj,edges,pulled,1,4,False,1280,720,10.91584,10.91584,10.91584,0.1676,130249
bennu-screen,bennu_OLA_v21_PTM_very-high.obj,solid_edges,legacy,1,4,False,1280,720,15.474688,15.474688,15.474688,0.176,131018
bennu-screen,bennu_OLA_v21_PTM_very-high.obj,solid_edges,ordered,1,4,False,1280,720,14.427648,14.427648,14.427648,0.16725,131018
bennu-screen,bennu_OLA_v21_PTM_very-high.obj,solid_edges,barycentric,1,4,False,1280,720,5.442559999999999,5.442559999999999,5.442559999999999,0.1429,130249
bennu-screen,bennu_OLA_v21_PTM_very-high.obj,solid_edges,pulled,1,4,False,1280,720,7.090176,7.090176,7.090176,0.16505,130249
bennu-screen,bennu_OLA_v21_PTM_very-high.obj,vertices_1,legacy,1,4,False,1280,720,6.577664,6.577664,6.577664,0.1613,130502
bennu-screen,bennu_OLA_v21_PTM_very-high.obj,vertices_1,ordered,1,4,False,1280,720,6.578176,6.578176,6.578176,0.16515000000000002,130502
bennu-screen,bennu_OLA_v21_PTM_very-high.obj,vertices_1,barycentric,1,4,False,1280,720,6.693376,6.693376,6.693376,0.14705000000000001,130502
bennu-screen,bennu_OLA_v21_PTM_very-high.obj,vertices_1,pulled,1,4,False,1280,720,6.577152,6.577152,6.577152,0.17875,130502
bennu-screen,bennu_OLA_v21_PTM_very-high.obj,vertices_4,legacy,1,4,False,1280,720,6.961151999999999,6.961151999999999,6.961151999999999,0.2298,132767
bennu-screen,bennu_OLA_v21_PTM_very-high.obj,vertices_4,ordered,1,4,False,1280,720,6.914047999999999,6.914047999999999,6.914047999999999,0.2485,132767
bennu-screen,bennu_OLA_v21_PTM_very-high.obj,vertices_4,barycentric,1,4,False,1280,720,6.968319999999999,6.968319999999999,6.968319999999999,0.1644,132767
bennu-screen,bennu_OLA_v21_PTM_very-high.obj,vertices_4,pulled,1,4,False,1280,720,6.968319999999999,6.968319999999999,6.968319999999999,0.1628,132767
bennu-screen,bennu_OLA_v21_PTM_very-high.obj,vertices_8,legacy,1,4,False,1280,720,10.036223999999999,10.036223999999999,10.036223999999999,0.17445,135606
bennu-screen,bennu_OLA_v21_PTM_very-high.obj,vertices_8,ordered,1,4,False,1280,720,10.037248,10.037248,10.037248,0.16544999999999999,135606
bennu-screen,bennu_OLA_v21_PTM_very-high.obj,vertices_8,barycentric,1,4,False,1280,720,10.042368,10.042368,10.042368,0.1714,135606
bennu-screen,bennu_OLA_v21_PTM_very-high.obj,vertices_8,pulled,1,4,False,1280,720,10.041343999999999,10.041343999999999,10.041343999999999,0.1642,135606
bennu-screen,bennu_OLA_v21_PTM_very-high.obj,combined,legacy,1,4,False,1280,720,22.472704,22.472704,22.472704,0.17635,132767
bennu-screen,bennu_OLA_v21_PTM_very-high.obj,combined,ordered,1,4,False,1280,720,21.320704,21.320704,21.320704,0.2093,132767
bennu-screen,bennu_OLA_v21_PTM_very-high.obj,combined,barycentric,1,4,False,1280,720,12.346879999999999,12.346879999999999,12.346879999999999,0.19255,132767
bennu-screen,bennu_OLA_v21_PTM_very-high.obj,combined,pulled,1,4,False,1280,720,14.031872,14.031872,14.031872,0.1774,132767
bennu-screen,bennu_OLA_v21_PTM_very-high.obj,xray,legacy,1,4,False,1280,720,22.524928,22.524928,22.524928,0.17930000000000001,132767
bennu-screen,bennu_OLA_v21_PTM_very-high.obj,xray,ordered,1,4,False,1280,720,22.529536,22.529536,22.529536,0.1851,132767
bennu-screen,bennu_OLA_v21_PTM_very-high.obj,xray,barycentric,1,4,False,1280,720,22.560768,22.560768,22.560768,0.17585,132767
bennu-screen,bennu_OLA_v21_PTM_very-high.obj,xray,pulled,1,4,False,1280,720,22.592512,22.592512,22.592512,0.1982,132767
bennu-screen,bennu_OLA_v21_PTM_very-high.obj,transparent,legacy,1,4,False,1280,720,30.654463999999997,30.654463999999997,30.654463999999997,0.20579999999999998,132767
bennu-screen,bennu_OLA_v21_PTM_very-high.obj,transparent,ordered,1,4,False,1280,720,30.793728,30.793728,30.793728,0.18330000000000002,132767
bennu-screen,bennu_OLA_v21_PTM_very-high.obj,transparent,barycentric,1,4,False,1280,720,15.929343999999999,15.929343999999999,15.929343999999999,0.1777,132767
bennu-screen,bennu_OLA_v21_PTM_very-high.obj,transparent,pulled,1,4,False,1280,720,17.637888,17.637888,17.637888,0.17075,132767
powerplant-screen,powerplant.obj,solid,legacy,1,4,False,1280,720,2.509824,2.509824,2.509824,0.1404,7879
powerplant-screen,powerplant.obj,solid,ordered,1,4,False,1280,720,2.525184,2.525184,2.525184,0.124,7879
powerplant-screen,powerplant.obj,solid,barycentric,1,4,False,1280,720,2.526208,2.526208,2.526208,0.13505,7879
powerplant-screen,powerplant.obj,solid,pulled,1,4,False,1280,720,2.57536,2.57536,2.57536,0.12619999999999998,7879
powerplant-screen,powerplant.obj,edges,legacy,1,4,False,1280,720,21.794815999999997,21.794815999999997,21.794815999999997,0.1939,8537
powerplant-screen,powerplant.obj,edges,ordered,1,4,False,1280,720,21.559296,21.559296,21.559296,0.2026,7656
powerplant-screen,powerplant.obj,edges,barycentric,1,4,False,1280,720,5.023744,5.023744,5.023744,0.1814,7198
powerplant-screen,powerplant.obj,edges,pulled,1,4,False,1280,720,5.874688,5.874688,5.874688,0.1801,7198
powerplant-screen,powerplant.obj,solid_edges,legacy,1,4,False,1280,720,24.288256,24.288256,24.288256,0.2362,8661
powerplant-screen,powerplant.obj,solid_edges,ordered,1,4,False,1280,720,21.714944,21.714944,21.714944,0.2132,8661
powerplant-screen,powerplant.obj,solid_edges,barycentric,1,4,False,1280,720,2.546688,2.546688,2.546688,0.1644,7879
powerplant-screen,powerplant.obj,solid_edges,pulled,1,4,False,1280,720,3.367936,3.367936,3.367936,0.14805000000000001,7879
powerplant-screen,powerplant.obj,vertices_1,legacy,1,4,False,1280,720,14.314496,14.314496,14.314496,0.17559999999999998,5405
powerplant-screen,powerplant.obj,vertices_1,ordered,1,4,False,1280,720,14.418432,14.418432,14.418432,0.1731,5405
powerplant-screen,powerplant.obj,vertices_1,barycentric,1,4,False,1280,720,14.314496,14.314496,14.314496,0.174,5405
powerplant-screen,powerplant.obj,vertices_1,pulled,1,4,False,1280,720,14.416896,14.416896,14.416896,0.18080000000000002,5405
powerplant-screen,powerplant.obj,vertices_4,legacy,1,4,False,1280,720,28.303359999999998,28.303359999999998,28.303359999999998,0.18975,8300
powerplant-screen,powerplant.obj,vertices_4,ordered,1,4,False,1280,720,28.3008,28.3008,28.3008,0.1888,8300
powerplant-screen,powerplant.obj,vertices_4,barycentric,1,4,False,1280,720,28.300288,28.300288,28.300288,0.20579999999999998,8300
powerplant-screen,powerplant.obj,vertices_4,pulled,1,4,False,1280,720,28.301824,28.301824,28.301824,0.21250000000000002,8300
powerplant-screen,powerplant.obj,vertices_8,legacy,1,4,False,1280,720,60.027904,60.027904,60.027904,0.2005,10765
powerplant-screen,powerplant.obj,vertices_8,ordered,1,4,False,1280,720,60.025856,60.025856,60.025856,0.20195000000000002,10765
powerplant-screen,powerplant.obj,vertices_8,barycentric,1,4,False,1280,720,60.027392,60.027392,60.027392,0.186,10765
powerplant-screen,powerplant.obj,vertices_8,pulled,1,4,False,1280,720,60.02688,60.02688,60.02688,0.1956,10765
powerplant-screen,powerplant.obj,combined,legacy,1,4,False,1280,720,52.472319999999996,52.472319999999996,52.472319999999996,0.25795,9311
powerplant-screen,powerplant.obj,combined,ordered,1,4,False,1280,720,42.002432,42.002432,42.002432,0.22110000000000002,9311
powerplant-screen,powerplant.obj,combined,barycentric,1,4,False,1280,720,29.825536,29.825536,29.825536,0.20495000000000002,9008
powerplant-screen,powerplant.obj,combined,pulled,1,4,False,1280,720,28.780544,28.780544,28.780544,0.2206,9008
powerplant-screen,powerplant.obj,xray,legacy,1,4,False,1280,720,52.475392,52.475392,52.475392,0.25915,9311
powerplant-screen,powerplant.obj,xray,ordered,1,4,False,1280,720,50.065408,50.065408,50.065408,0.23245,9311
powerplant-screen,powerplant.obj,xray,barycentric,1,4,False,1280,720,50.070015999999995,50.070015999999995,50.070015999999995,0.30115000000000003,9311
powerplant-screen,powerplant.obj,xray,pulled,1,4,False,1280,720,50.072064,50.072064,50.072064,0.33294999999999997,9311
powerplant-screen,powerplant.obj,transparent,legacy,1,4,False,1280,720,75.879936,75.879936,75.879936,0.2743,9311
powerplant-screen,powerplant.obj,transparent,ordered,1,4,False,1280,720,75.77344,75.77344,75.77344,0.24330000000000002,9311
powerplant-screen,powerplant.obj,transparent,barycentric,1,4,False,1280,720,51.997184,51.997184,51.997184,0.22135,9008
powerplant-screen,powerplant.obj,transparent,pulled,1,4,False,1280,720,52.539904,52.539904,52.539904,0.2021,9008
san-miguel-screen,san-miguel.obj,solid,legacy,1,4,False,1280,720,1.9425279999999998,1.9425279999999998,1.9425279999999998,1.6404,48153
san-miguel-screen,san-miguel.obj,solid,ordered,1,4,False,1280,720,1.9548159999999999,1.9548159999999999,1.9548159999999999,1.63795,48153
san-miguel-screen,san-miguel.obj,solid,barycentric,1,4,False,1280,720,1.953792,1.953792,1.953792,1.8326,48153
san-miguel-screen,san-miguel.obj,solid,pulled,1,4,False,1280,720,1.9630079999999999,1.9630079999999999,1.9630079999999999,1.7975,48153
san-miguel-screen,san-miguel.obj,edges,legacy,1,4,False,1280,720,13.4656,13.4656,13.4656,1.5959,30791
san-miguel-screen,san-miguel.obj,edges,ordered,1,4,False,1280,720,13.477888,13.477888,13.477888,3.5203,14628
san-miguel-screen,san-miguel.obj,edges,barycentric,1,4,False,1280,720,3.7713919999999996,3.7713919999999996,3.7713919999999996,3.95675,17489
san-miguel-screen,san-miguel.obj,edges,pulled,1,4,False,1280,720,4.339712,4.339712,4.339712,3.6341,17489
san-miguel-screen,san-miguel.obj,solid_edges,legacy,1,4,False,1280,720,14.702592,14.702592,14.702592,5.4243,48631
san-miguel-screen,san-miguel.obj,solid_edges,ordered,1,4,False,1280,720,13.591552,13.591552,13.591552,3.3685,48631
san-miguel-screen,san-miguel.obj,solid_edges,barycentric,1,4,False,1280,720,1.9558399999999998,1.9558399999999998,1.9558399999999998,1.84665,48153
san-miguel-screen,san-miguel.obj,solid_edges,pulled,1,4,False,1280,720,2.5538559999999997,2.5538559999999997,2.5538559999999997,1.816,48153
san-miguel-screen,san-miguel.obj,vertices_1,legacy,1,4,False,1280,720,10.7648,10.7648,10.7648,1.73345,11762
san-miguel-screen,san-miguel.obj,vertices_1,ordered,1,4,False,1280,720,10.769408,10.769408,10.769408,1.76725,11762
san-miguel-screen,san-miguel.obj,vertices_1,barycentric,1,4,False,1280,720,10.755583999999999,10.755583999999999,10.755583999999999,1.7350500000000002,11762
san-miguel-screen,san-miguel.obj,vertices_1,pulled,1,4,False,1280,720,10.775552,10.775552,10.775552,1.6812,11762
san-miguel-screen,san-miguel.obj,vertices_4,legacy,1,4,False,1280,720,17.952768,17.952768,17.952768,1.8226,17200
san-miguel-screen,san-miguel.obj,vertices_4,ordered,1,4,False,1280,720,17.952768,17.952768,17.952768,1.8438,17200
san-miguel-screen,san-miguel.obj,vertices_4,barycentric,1,4,False,1280,720,17.95072,17.95072,17.95072,1.8301,17200
san-miguel-screen,san-miguel.obj,vertices_4,pulled,1,4,False,1280,720,17.95072,17.95072,17.95072,1.836,17200
san-miguel-screen,san-miguel.obj,vertices_8,legacy,1,4,False,1280,720,29.271552,29.271552,29.271552,1.8201999999999998,21789
san-miguel-screen,san-miguel.obj,vertices_8,ordered,1,4,False,1280,720,29.264896,29.264896,29.264896,1.6879,21789
san-miguel-screen,san-miguel.obj,vertices_8,barycentric,1,4,False,1280,720,29.2736,29.2736,29.2736,1.7718500000000001,21789
san-miguel-screen,san-miguel.obj,vertices_8,pulled,1,4,False,1280,720,29.276671999999998,29.276671999999998,29.276671999999998,1.7574,21789
san-miguel-screen,san-miguel.obj,combined,legacy,1,4,False,1280,720,31.523328,31.523328,31.523328,8.03395,48806
san-miguel-screen,san-miguel.obj,combined,ordered,1,4,False,1280,720,27.401215999999998,27.401215999999998,27.401215999999998,5.0135000000000005,48806
san-miguel-screen,san-miguel.obj,combined,barycentric,1,4,False,1280,720,15.801343999999999,15.801343999999999,15.801343999999999,3.4032999999999998,48429
san-miguel-screen,san-miguel.obj,combined,pulled,1,4,False,1280,720,16.349183999999997,16.349183999999997,16.349183999999997,3.3148,48429
san-miguel-screen,san-miguel.obj,xray,legacy,1,4,False,1280,720,31.518207999999998,31.518207999999998,31.518207999999998,8.041699999999999,48806
san-miguel-screen,san-miguel.obj,xray,ordered,1,4,False,1280,720,29.256192,29.256192,29.256192,4.84845,48806
san-miguel-screen,san-miguel.obj,xray,barycentric,1,4,False,1280,720,29.255167999999998,29.255167999999998,29.255167999999998,4.88155,48806
san-miguel-screen,san-miguel.obj,xray,pulled,1,4,False,1280,720,29.252608,29.252608,29.252608,4.89675,48806
san-miguel-screen,san-miguel.obj,transparent,legacy,1,4,False,1280,720,53.947391999999994,53.947391999999994,53.947391999999994,8.22635,48806
san-miguel-screen,san-miguel.obj,transparent,ordered,1,4,False,1280,720,52.520448,52.520448,52.520448,5.0299,48806
san-miguel-screen,san-miguel.obj,transparent,barycentric,1,4,False,1280,720,37.712384,37.712384,37.712384,3.35595,48429
san-miguel-screen,san-miguel.obj,transparent,pulled,1,4,False,1280,720,38.234111999999996,38.234111999999996,38.234111999999996,3.27175,48429
bus-screen,uploads_files_2720101_BusGameMap.obj,solid,legacy,1,4,False,1280,720,0.166912,0.166912,0.166912,0.1133,53664
bus-screen,uploads_files_2720101_BusGameMap.obj,solid,ordered,1,4,False,1280,720,0.166912,0.166912,0.166912,0.11005000000000001,53664
bus-screen,uploads_files_2720101_BusGameMap.obj,solid,barycentric,1,4,False,1280,720,0.166912,0.166912,0.166912,0.1273,53664
bus-screen,uploads_files_2720101_BusGameMap.obj,solid,pulled,1,4,False,1280,720,0.16588799999999998,0.16588799999999998,0.16588799999999998,0.14165,53664
bus-screen,uploads_files_2720101_BusGameMap.obj,edges,legacy,1,4,False,1280,720,0.786432,0.786432,0.786432,0.2515,52786
bus-screen,uploads_files_2720101_BusGameMap.obj,edges,ordered,1,4,False,1280,720,0.9431039999999999,0.9431039999999999,0.9431039999999999,0.3772,52563
bus-screen,uploads_files_2720101_BusGameMap.obj,edges,barycentric,1,4,False,1280,720,0.31744,0.31744,0.31744,0.1713,52096
bus-screen,uploads_files_2720101_BusGameMap.obj,edges,pulled,1,4,False,1280,720,0.64,0.64,0.64,0.1744,52096
bus-screen,uploads_files_2720101_BusGameMap.obj,solid_edges,legacy,1,4,False,1280,720,0.96256,0.96256,0.96256,0.2275,54113
bus-screen,uploads_files_2720101_BusGameMap.obj,solid_edges,ordered,1,4,False,1280,720,0.971776,0.971776,0.971776,0.18805,54113
bus-screen,uploads_files_2720101_BusGameMap.obj,solid_edges,barycentric,1,4,False,1280,720,0.167936,0.167936,0.167936,0.1225,53664
bus-screen,uploads_files_2720101_BusGameMap.obj,solid_edges,pulled,1,4,False,1280,720,0.483328,0.483328,0.483328,0.136,53664
bus-screen,uploads_files_2720101_BusGameMap.obj,vertices_1,legacy,1,4,False,1280,720,0.434176,0.434176,0.434176,0.12495,51266
bus-screen,uploads_files_2720101_BusGameMap.obj,vertices_1,ordered,1,4,False,1280,720,0.431104,0.431104,0.431104,0.1479,51266
bus-screen,uploads_files_2720101_BusGameMap.obj,vertices_1,barycentric,1,4,False,1280,720,0.425984,0.425984,0.425984,0.132,51266
bus-screen,uploads_files_2720101_BusGameMap.obj,vertices_1,pulled,1,4,False,1280,720,0.431104,0.431104,0.431104,0.12875,51266
bus-screen,uploads_files_2720101_BusGameMap.obj,vertices_4,legacy,1,4,False,1280,720,0.7956479999999999,0.7956479999999999,0.7956479999999999,0.1257,54099
bus-screen,uploads_files_2720101_BusGameMap.obj,vertices_4,ordered,1,4,False,1280,720,0.7956479999999999,0.7956479999999999,0.7956479999999999,0.14755000000000001,54099
bus-screen,uploads_files_2720101_BusGameMap.obj,vertices_4,barycentric,1,4,False,1280,720,0.7956479999999999,0.7956479999999999,0.7956479999999999,0.1428,54099
bus-screen,uploads_files_2720101_BusGameMap.obj,vertices_4,pulled,1,4,False,1280,720,0.7956479999999999,0.7956479999999999,0.7956479999999999,0.1476,54099
bus-screen,uploads_files_2720101_BusGameMap.obj,vertices_8,legacy,1,4,False,1280,720,2.071552,2.071552,2.071552,0.15475,56765
bus-screen,uploads_files_2720101_BusGameMap.obj,vertices_8,ordered,1,4,False,1280,720,2.071552,2.071552,2.071552,0.15725,56765
bus-screen,uploads_files_2720101_BusGameMap.obj,vertices_8,barycentric,1,4,False,1280,720,2.071552,2.071552,2.071552,0.1685,56765
bus-screen,uploads_files_2720101_BusGameMap.obj,vertices_8,pulled,1,4,False,1280,720,2.0725759999999998,2.0725759999999998,2.0725759999999998,0.1679,56765
bus-screen,uploads_files_2720101_BusGameMap.obj,combined,legacy,1,4,False,1280,720,1.7807359999999999,1.7807359999999999,1.7807359999999999,0.3436,55330
bus-screen,uploads_files_2720101_BusGameMap.obj,combined,ordered,1,4,False,1280,720,1.769472,1.769472,1.769472,0.25875,55330
bus-screen,uploads_files_2720101_BusGameMap.obj,combined,barycentric,1,4,False,1280,720,0.963584,0.963584,0.963584,0.1709,55330
bus-screen,uploads_files_2720101_BusGameMap.obj,combined,pulled,1,4,False,1280,720,1.288192,1.288192,1.288192,0.1909,55330
bus-screen,uploads_files_2720101_BusGameMap.obj,xray,legacy,1,4,False,1280,720,1.7807359999999999,1.7807359999999999,1.7807359999999999,0.34550000000000003,55330
bus-screen,uploads_files_2720101_BusGameMap.obj,xray,ordered,1,4,False,1280,720,1.7387519999999999,1.7387519999999999,1.7387519999999999,0.25005,55330
bus-screen,uploads_files_2720101_BusGameMap.obj,xray,barycentric,1,4,False,1280,720,1.763328,1.763328,1.763328,0.255,55330
bus-screen,uploads_files_2720101_BusGameMap.obj,xray,pulled,1,4,False,1280,720,1.737728,1.737728,1.737728,0.24964999999999998,55330
bus-screen,uploads_files_2720101_BusGameMap.obj,transparent,legacy,1,4,False,1280,720,2.548736,2.548736,2.548736,0.35014999999999996,55330
bus-screen,uploads_files_2720101_BusGameMap.obj,transparent,ordered,1,4,False,1280,720,2.52928,2.52928,2.52928,0.2696,55330
bus-screen,uploads_files_2720101_BusGameMap.obj,transparent,barycentric,1,4,False,1280,720,1.139712,1.139712,1.139712,0.1976,55330
bus-screen,uploads_files_2720101_BusGameMap.obj,transparent,pulled,1,4,False,1280,720,1.460224,1.460224,1.460224,0.1939,55330
beartrap-repeat-surface,20190810_BearTrap_Ground_Model.obj,solid_edges,legacy,3,4,False,1280,720,135.69484799999998,135.384064,135.89452799999998,0.19790000000000002,48683
beartrap-repeat-surface,20190810_BearTrap_Ground_Model.obj,solid_edges,ordered,3,4,False,1280,720,125.952,125.93664,126.292992,0.18905,48683
beartrap-repeat-surface,20190810_BearTrap_Ground_Model.obj,solid_edges,barycentric,3,4,False,1280,720,15.65952,15.533055999999998,15.66208,0.1631,48055
beartrap-repeat-surface,20190810_BearTrap_Ground_Model.obj,solid_edges,pulled,3,4,False,1280,720,20.0704,20.0704,20.249599999999997,0.1688,48055
beartrap-repeat-combined,20190810_BearTrap_Ground_Model.obj,combined,legacy,3,4,False,1280,720,227.789312,219.73247999999998,227.92908799999998,0.19290000000000002,50046
beartrap-repeat-combined,20190810_BearTrap_Ground_Model.obj,combined,ordered,3,4,False,1280,720,217.186816,209.93228799999997,217.29587199999997,0.20045,50046
beartrap-repeat-combined,20190810_BearTrap_Ground_Model.obj,combined,barycentric,3,4,False,1280,720,103.151104,103.05433599999999,103.300096,0.19105,50046
beartrap-repeat-combined,20190810_BearTrap_Ground_Model.obj,combined,pulled,3,4,False,1280,720,108.40934399999999,108.043264,108.5184,0.1936,50046
beartrap-close-surface,20190810_BearTrap_Ground_Model.obj,solid_edges,legacy,3,4,False,1280,720,119.561216,119.40454399999999,119.564288,0.1908,309804
beartrap-close-surface,20190810_BearTrap_Ground_Model.obj,solid_edges,ordered,3,4,False,1280,720,108.66175999999999,107.872768,109.218816,0.1965,309804
beartrap-close-surface,20190810_BearTrap_Ground_Model.obj,solid_edges,barycentric,3,4,False,1280,720,15.432704,15.427584,15.561727999999999,0.1602,308175
beartrap-close-surface,20190810_BearTrap_Ground_Model.obj,solid_edges,pulled,3,4,False,1280,720,22.722559999999998,22.704127999999997,22.899711999999997,0.169,308175
beartrap-ids-combined,20190810_BearTrap_Ground_Model.obj,combined,legacy,3,4,True,1280,720,222.7968,221.35551999999998,222.93759999999997,0.19419999999999998,50046
beartrap-ids-combined,20190810_BearTrap_Ground_Model.obj,combined,ordered,3,4,True,1280,720,211.490816,209.982464,211.650048,0.19615,50046
beartrap-ids-combined,20190810_BearTrap_Ground_Model.obj,combined,barycentric,3,4,True,1280,720,102.119936,101.57721599999999,102.275072,0.1932,50046
beartrap-ids-combined,20190810_BearTrap_Ground_Model.obj,combined,pulled,3,4,True,1280,720,107.518464,106.805248,107.52256,0.19025,50046
san-miguel-repeat-combined,san-miguel.obj,combined,legacy,3,4,False,1280,720,32.4608,31.356928,32.468992,7.9927,48806
san-miguel-repeat-combined,san-miguel.obj,combined,ordered,3,4,False,1280,720,28.448767999999998,27.385856,28.461056,5.040150000000001,48806
san-miguel-repeat-combined,san-miguel.obj,combined,barycentric,3,4,False,1280,720,16.334336,16.3328,16.340992,3.43795,48429
san-miguel-repeat-combined,san-miguel.obj,combined,pulled,3,4,False,1280,720,16.863232,16.863232,18.082815999999998,3.3185,48429
